Day,Area,Price1,Band,Demand,Excess Demand,Provisional Price,Price Increment Applicable,lat,long,Price
1,Andhra Pradesh,292.5,800,0,-5,0,0,16,80,234
1,Assam,35,800,8,-3,35,0,26.2006043,92.9375739,28
1,Bihar,106.25,800,0,-4,0,0,25.11,85.32,85
1,Delhi,771.25,800,0,-3,0,0,28.38,77.12,617
1,Gujarat,343.75,800,0,-2,0,0,23,72,275
1,Haryana,47.5,800,4,-2,47.5,0,29.3,76,38
1,Himachal Pradesh,23.75,800,4,-3,23.75,0,31.79,77.1,19
1,Kashmir,35,800,4,-3,35,0,33.94,76.54,28
1,Karnataka,378.75,800,0,-1,0,0,15,75,303
1,Kolkata,183.75,800,0,-1,0,0,22.56263,88.36304,147
1,Madhya Pradesh,131.85,800,4,-1,124.29,0,23.3,80,105.48
1,Maharashtra,427.98,800,0,-3,427.98,0,20,76,342.384
1,Mumbai,548.75,800,4,-2,548.75,0,19.07283,72.88261,439
1,North East,13.75,800,8,-3,13.75,0,28,95,11
1,Odisha,47.5,800,4,-2,47.5,0,26,94.2,38
1,Punjab,106.25,800,0,-3,0,0,30.8,75.5,85
1,Tamil Nadu,450,800,0,-1,0,0,11,78,360
1,Uttar Pradesh E,167.5,800,0,-3,0,0,26,82,134
1,Uttar Pradesh W,118.75,800,0,-1,0,0,28,80,95
1,West Bengal,71.25,800,0,-1,0,0,23,87,57
2,Andhra Pradesh,292.5,800,0,-5,0,0,16,80,234
2,Assam,35,800,8,-3,35,0,26.2006043,92.9375739,28
2,Bihar,106.25,800,0,-4,0,0,25.11,85.32,85
2,Delhi,771.25,800,0,-3,0,0,28.38,77.12,617
2,Gujarat,343.75,800,0,-2,0,0,23,72,275
2,Haryana,47.5,800,4,-2,47.5,0,29.3,76,38
2,Himachal Pradesh,23.75,800,4,-3,23.75,0,31.79,77.1,19
2,Kashmir,35,800,4,-3,35,0,33.94,76.54,28
2,Karnataka,378.75,800,0,-1,0,0,15,75,303
2,Kolkata,183.75,800,0,-1,0,0,22.56263,88.36304,147
2,Madhya Pradesh,131.85,800,8,3,131.85,3.95,23.3,80,105.48
2,Maharashtra,427.98,800,0,-3,423.75,0,20,76,342.384
2,Mumbai,548.75,800,4,-2,548.75,0,19.07283,72.88261,439
2,North East,13.75,800,8,-3,13.75,0,28,95,11
2,Odisha,47.5,800,4,-2,47.5,0,26,94.2,38
2,Punjab,106.25,800,0,-3,0,0,30.8,75.5,85
2,Tamil Nadu,450,800,0,-1,0,0,11,78,360
2,Uttar Pradesh E,167.5,800,0,-3,0,0,26,82,134
2,Uttar Pradesh W,118.75,800,0,-1,0,0,28,80,95
2,West Bengal,71.25,800,0,-1,0,0,23,87,57
3,Andhra Pradesh,292.5,800,7,2,292.5,5.85,16,80,234
3,Assam,35.35,800,4,-7,35,0,26.2006043,92.9375739,28.28
3,Bihar,106.25,800,0,-4,0,0,25.11,85.32,85
3,Delhi,771.25,800,0,-3,0,0,28.38,77.12,617
3,Gujarat,343.75,800,0,-2,0,0,23,72,275
3,Haryana,47.5,800,10,4,47.5,1.9,29.3,76,38
3,Himachal Pradesh,23.75,800,4,-3,23.75,0,31.79,77.1,19
3,Kashmir,35,800,8,1,35,0.35,33.94,76.54,28
3,Karnataka,378.75,800,0,-1,0,0,15,75,303
3,Kolkata,183.75,800,0,-1,0,0,22.56263,88.36304,147
3,Madhya Pradesh,154.14,800,4,-1,154.14,0,23.3,80,123.312
3,Maharashtra,432.25,800,0,-3,427.98,0,20,76,345.8
3,Mumbai,634.02,800,0,-6,576.39,0,19.07283,72.88261,507.216
3,North East,13.88,800,4,-7,13.75,0,28,95,11.104
3,Odisha,47.5,800,14,8,47.5,3.8,26,94.2,38
3,Punjab,106.25,800,0,-3,0,0,30.8,75.5,85
3,Tamil Nadu,450,800,0,-1,0,0,11,78,360
3,Uttar Pradesh E,167.5,800,0,-3,0,0,26,82,134
3,Uttar Pradesh W,118.75,800,0,-1,0,0,28,80,95
3,West Bengal,71.25,800,0,-1,0,0,23,87,57
4,Andhra Pradesh,335.19,800,4,-1,325.43,0,16,80,268.152
4,Assam,35.35,800,12,1,35.35,0.35,26.2006043,92.9375739,28.28
4,Bihar,106.25,800,0,-4,0,0,25.11,85.32,85
4,Delhi,778.96,800,0,-3,771.25,0,28.38,77.12,623.168
4,Gujarat,343.75,800,3,1,343.75,3.43,23,72,275
4,Haryana,49.89,800,5,-1,49.4,0,29.3,76,39.912
4,Himachal Pradesh,24.46,800,6,-1,24.46,0,31.79,77.1,19.568
4,Kashmir,36.05,800,2,-5,35.35,0,33.94,76.54,28.84
4,Karnataka,378.75,800,0,-1,0,0,15,75,303
4,Kolkata,183.75,800,0,-1,0,0,22.56263,88.36304,147
4,Madhya Pradesh,171.46,800,4,-1,171.46,0,23.3,80,137.168
4,Maharashtra,440.89,800,3,0,440.89,4.4,20,76,352.712
4,Mumbai,691.08,800,4,-2,691.08,0,19.07283,72.88261,552.864
4,North East,13.88,800,12,1,13.88,0.13,28,95,11.104
4,Odisha,51.3,800,11,5,51.3,2.56,26,94.2,41.04
4,Punjab,106.25,800,4,1,106.25,1.06,30.8,75.5,85
4,Tamil Nadu,450,800,0,-1,0,0,11,78,360
4,Uttar Pradesh E,167.5,800,0,-3,0,0,26,82,134
4,Uttar Pradesh W,118.75,800,0,-1,0,0,28,80,95
4,West Bengal,71.96,800,0,-1,71.25,0,23,87,57.568
5,Andhra Pradesh,366.25,800,12,7,366.25,25.63,16,80,293
5,Assam,36.05,800,12,1,36.05,0.36,26.2006043,92.9375739,28.84
5,Bihar,106.25,800,0,-4,0,0,25.11,85.32,85
5,Delhi,794.6,800,3,0,794.6,7.94,28.38,77.12,635.68
5,Gujarat,347.18,800,0,-2,343.75,0,23,72,277.744
5,Haryana,53.91,800,6,0,53.91,0.53,29.3,76,43.128
5,Himachal Pradesh,26.66,800,0,-7,24.46,0,31.79,77.1,21.328
5,Kashmir,36.05,800,2,-5,35.35,0,33.94,76.54,28.84
5,Karnataka,378.75,800,0,-1,0,0,15,75,303
5,Kolkata,183.75,800,0,-1,0,0,22.56263,88.36304,147
5,Madhya Pradesh,196.44,800,4,-1,196.44,0,23.3,80,157.152
5,Maharashtra,500.73,800,2,-1,500.73,0,20,76,400.584
5,Mumbai,747.46,800,0,-6,718.72,0,19.07283,72.88261,597.968
5,North East,14.15,800,12,1,14.15,0.14,28,95,11.32
5,Odisha,53.86,800,0,-6,51.3,0,26,94.2,43.088
5,Punjab,107.31,800,0,-3,106.25,0,30.8,75.5,85.848
5,Tamil Nadu,450,800,0,-1,0,0,11,78,360
5,Uttar Pradesh E,167.5,800,0,-3,0,0,26,82,134
5,Uttar Pradesh W,118.75,800,0,-1,0,0,28,80,95
5,West Bengal,71.96,800,0,-1,71.25,0,23,87,57.568
6,Andhra Pradesh,419.31,800,0,-5,391.88,0,16,80,335.448
6,Assam,40.05,800,16,5,40.05,2,26.2006043,92.9375739,32.04
6,Bihar,106.25,800,0,-4,0,0,25.11,85.32,85
6,Delhi,851.4,800,1,-2,851.4,0,28.38,77.12,681.12
6,Gujarat,347.18,800,0,-2,343.75,0,23,72,277.744
6,Haryana,55.52,800,1,-5,54.98,0,29.3,76,44.416
6,Himachal Pradesh,26.66,800,0,-7,24.46,0,31.79,77.1,21.328
6,Kashmir,36.05,800,2,-5,35.35,0,33.94,76.54,28.84
6,Karnataka,378.75,800,0,-1,0,0,15,75,303
6,Kolkata,183.75,800,0,-1,0,0,22.56263,88.36304,147
6,Madhya Pradesh,204.29,800,8,3,204.29,6.12,23.3,80,163.432
6,Maharashtra,563.08,800,2,-1,563.08,0,20,76,450.464
6,Mumbai,747.46,800,4,-2,747.46,0,19.07283,72.88261,597.968
6,North East,15,800,4,-7,14.29,0,28,95,12
6,Odisha,53.86,800,0,-6,51.3,0,26,94.2,43.088
6,Punjab,107.31,800,8,5,107.31,5.36,30.8,75.5,85.848
6,Tamil Nadu,450,800,0,-1,0,0,11,78,360
6,Uttar Pradesh E,167.5,800,0,-3,0,0,26,82,134
6,Uttar Pradesh W,118.75,800,0,-1,0,0,28,80,95
6,West Bengal,71.96,800,0,-1,71.25,0,23,87,57.568
7,Andhra Pradesh,444.83,800,4,-1,431.88,0,16,80,355.864
7,Assam,42.47,800,8,-3,42.47,0,26.2006043,92.9375739,33.976
7,Bihar,106.25,800,0,-4,0,0,25.11,85.32,85
7,Delhi,877.18,800,1,-2,877.18,0,28.38,77.12,701.744
7,Gujarat,347.18,800,0,-2,343.75,0,23,72,277.744
7,Haryana,64.12,800,1,-5,61.07,0,29.3,76,51.296
7,Himachal Pradesh,26.66,800,0,-7,24.46,0,31.79,77.1,21.328
7,Kashmir,36.05,800,2,-5,35.35,0,33.94,76.54,28.84
7,Karnataka,378.75,800,0,-1,0,0,15,75,303
7,Kolkata,183.75,800,0,-1,0,0,22.56263,88.36304,147
7,Madhya Pradesh,223.22,800,8,3,223.22,6.69,23.3,80,178.576
7,Maharashtra,615.11,800,2,-1,615.11,0,20,76,492.088
7,Mumbai,840.77,800,4,-2,840.77,0,19.07283,72.88261,672.616
7,North East,16.85,800,4,-7,15.75,0,28,95,13.48
7,Odisha,53.86,800,0,-6,51.3,0,26,94.2,43.088
7,Punjab,112.67,800,0,-3,107.31,0,30.8,75.5,90.136
7,Tamil Nadu,450,800,0,-1,0,0,11,78,360
7,Uttar Pradesh E,167.5,800,0,-3,0,0,26,82,134
7,Uttar Pradesh W,118.75,800,0,-1,0,0,28,80,95
7,West Bengal,71.96,800,0,-1,71.25,0,23,87,57.568
8,Andhra Pradesh,504.94,800,4,-1,471.91,0,16,80,403.952
8,Assam,49.1,800,10,-1,49.1,0,26.2006043,92.9375739,39.28
8,Bihar,106.25,800,0,-4,0,0,25.11,85.32,85
8,Delhi,894.8,800,0,-3,885.95,0,28.38,77.12,715.84
8,Gujarat,347.18,800,0,-2,343.75,0,23,72,277.744
8,Haryana,67.99,800,1,-5,67.32,0,29.3,76,54.392
8,Himachal Pradesh,26.66,800,0,-7,24.46,0,31.79,77.1,21.328
8,Kashmir,36.05,800,2,-5,35.35,0,33.94,76.54,28.84
8,Karnataka,378.75,800,0,-1,0,0,15,75,303
8,Kolkata,183.75,800,0,-1,0,0,22.56263,88.36304,147
8,Madhya Pradesh,243.9,800,8,3,243.9,7.31,23.3,80,195.12
8,Maharashtra,652.8,800,3,0,652.8,6.52,20,76,522.24
8,Mumbai,918.46,800,0,-6,909.37,0,19.07283,72.88261,734.768
8,North East,18.75,800,16,5,18.75,0.93,28,95,15
8,Odisha,53.86,800,0,-6,51.3,0,26,94.2,43.088
8,Punjab,112.67,800,0,-3,107.31,0,30.8,75.5,90.136
8,Tamil Nadu,450,800,0,-1,0,0,11,78,360
8,Uttar Pradesh E,167.5,800,0,-3,0,0,26,82,134
8,Uttar Pradesh W,118.75,800,0,-1,0,0,28,80,95
8,West Bengal,71.96,800,0,-1,71.25,0,23,87,57.568
9,Andhra Pradesh,541.03,800,7,2,541.03,10.82,16,80,432.824
9,Assam,57.82,800,4,-7,53.05,0,26.2006043,92.9375739,42.44
9,Bihar,106.25,800,0,-4,0,0,25.11,85.32,0
9,Delhi,903.74,800,1,-2,903.74,0,28.38,77.12,722.992
9,Gujarat,350.65,800,0,-2,347.18,0,23,72,277.744
9,Haryana,70.71,800,15,9,70.71,6.36,29.3,76,56.568
9,Himachal Pradesh,26.66,800,0,-7,24.46,0,31.79,77.1,19.568
9,Kashmir,36.05,800,2,-5,35.35,0,33.94,76.54,28.28
9,Karnataka,378.75,800,0,-1,0,0,15,75,0
9,Kolkata,183.75,800,0,-1,0,0,22.56263,88.36304,0
9,Madhya Pradesh,266.5,800,8,3,266.5,7.99,23.3,80,213.2
9,Maharashtra,699.59,800,2,-1,699.59,0,20,76,559.672
9,Mumbai,918.46,800,0,-6,909.37,0,19.07283,72.88261,727.496
9,North East,22.32,800,16,5,22.32,1.11,28,95,17.856
9,Odisha,53.86,800,0,-6,51.3,0,26,94.2,41.04
9,Punjab,112.67,800,0,-3,107.31,0,30.8,75.5,85.848
9,Tamil Nadu,450,800,0,-1,0,0,11,78,0
9,Uttar Pradesh E,167.5,800,0,-3,0,0,26,82,0
9,Uttar Pradesh W,118.75,800,0,-1,0,0,28,80,0
9,West Bengal,71.96,800,0,-1,71.25,0,23,87,57
10,Andhra Pradesh,574.13,800,7,2,574.13,11.48,16,80,459.304
10,Assam,65.64,800,8,-3,65.64,0,26.2006043,92.9375739,52.512
10,Bihar,106.25,800,0,-4,0,0,25.11,85.32,0
10,Delhi,931.1,800,1,-2,931.1,0,28.38,77.12,744.88
10,Gujarat,350.65,800,0,-2,347.18,0,23,72,277.744
10,Haryana,77.07,800,1,-5,70.71,0,29.3,76,56.568
10,Himachal Pradesh,26.66,800,0,-7,24.46,0,31.79,77.1,19.568
10,Kashmir,36.05,800,2,-5,35.35,0,33.94,76.54,28.28
10,Karnataka,378.75,800,0,-1,0,0,15,75,0
10,Kolkata,183.75,800,0,-1,0,0,22.56263,88.36304,0
10,Madhya Pradesh,291.2,800,8,3,291.2,8.73,23.3,80,232.96
10,Maharashtra,742.4,800,2,-1,742.4,0,20,76,593.92
10,Mumbai,918.46,800,0,-6,909.37,0,19.07283,72.88261,727.496
10,North East,25.83,800,16,5,25.83,1.29,28,95,20.664
10,Odisha,53.86,800,0,-6,51.3,0,26,94.2,41.04
10,Punjab,112.67,800,0,-3,107.31,0,30.8,75.5,85.848
10,Tamil Nadu,450,800,0,-1,0,0,11,78,0
10,Uttar Pradesh E,167.5,800,0,-3,0,0,26,82,0
10,Uttar Pradesh W,118.75,800,0,-1,0,0,28,80,0
10,West Bengal,71.96,800,0,-1,71.25,0,23,87,57
11,Andhra Pradesh,609.26,800,7,2,609.26,12.18,16,80,487.408
11,Assam,75.97,800,8,-3,75.97,0,26.2006043,92.9375739,60.776
11,Bihar,106.25,800,1,-3,106.25,0,25.11,85.32,85
11,Delhi,959.3,800,1,-2,959.3,0,28.38,77.12,767.44
11,Gujarat,350.65,800,0,-2,347.18,0,23,72,277.744
11,Haryana,77.07,800,1,-5,70.71,0,29.3,76,56.568
11,Himachal Pradesh,26.66,800,0,-7,24.46,0,31.79,77.1,19.568
11,Kashmir,36.05,800,2,-5,35.35,0,33.94,76.54,28.28
11,Karnataka,378.75,800,0,-1,0,0,15,75,0
11,Kolkata,185.58,800,0,-1,183.75,0,22.56263,88.36304,147
11,Madhya Pradesh,318.18,800,8,3,318.18,9.54,23.3,80,254.544
11,Maharashtra,787.82,800,2,-1,787.82,0,20,76,630.256
11,Mumbai,918.46,800,0,-6,909.37,0,19.07283,72.88261,727.496
11,North East,27.39,800,12,1,27.39,0.27,28,95,21.912
11,Odisha,53.86,800,0,-6,51.3,0,26,94.2,41.04
11,Punjab,112.67,800,0,-3,107.31,0,30.8,75.5,85.848
11,Tamil Nadu,450,800,0,-1,0,0,11,78,0
11,Uttar Pradesh E,167.5,800,0,-3,0,0,26,82,0
11,Uttar Pradesh W,118.75,800,0,-1,0,0,28,80,0
11,West Bengal,71.96,800,0,-1,71.25,0,23,87,57
12,Andhra Pradesh,659.46,800,4,-1,646.53,0,16,80,517.224
12,Assam,87.92,800,16,5,87.92,4.39,26.2006043,92.9375739,70.336
12,Bihar,106.25,800,1,-3,106.25,0,25.11,85.32,85
12,Delhi,988.35,800,4,1,988.35,9.88,28.38,77.12,790.68
12,Gujarat,350.65,800,0,-2,347.18,0,23,72,277.744
12,Haryana,77.07,800,1,-5,70.71,0,29.3,76,56.568
12,Himachal Pradesh,26.66,800,0,-7,24.46,0,31.79,77.1,19.568
12,Kashmir,36.05,800,2,-5,35.35,0,33.94,76.54,28.28
12,Karnataka,378.75,800,0,-1,0,0,15,75,0
12,Kolkata,185.58,800,0,-1,183.75,0,22.56263,88.36304,147
12,Madhya Pradesh,358.1,800,4,-1,358.1,0,23.3,80,286.48
12,Maharashtra,836.03,800,5,2,836.03,16.72,20,76,668.824
12,Mumbai,918.46,800,0,-6,909.37,0,19.07283,72.88261,727.496
12,North East,28.2,800,4,-7,27.93,0,28,95,22.344
12,Odisha,53.86,800,0,-6,51.3,0,26,94.2,41.04
12,Punjab,112.67,800,0,-3,107.31,0,30.8,75.5,85.848
12,Tamil Nadu,450,800,0,-1,0,0,11,78,0
12,Uttar Pradesh E,167.5,800,0,-3,0,0,26,82,0
12,Uttar Pradesh W,118.75,800,0,-1,0,0,28,80,0
12,West Bengal,71.96,800,0,-1,71.25,0,23,87,57
13,Andhra Pradesh,699.81,800,4,-1,686.09,0,16,80,548.872
13,Assam,102.77,800,8,-3,102.77,0,26.2006043,92.9375739,82.216
13,Bihar,106.25,800,1,-3,106.25,0,25.11,85.32,85
13,Delhi,998.23,800,4,1,998.23,9.98,28.38,77.12,798.584
13,Gujarat,350.65,800,0,-2,347.18,0,23,72,277.744
13,Haryana,77.07,800,1,-5,70.71,0,29.3,76,56.568
13,Himachal Pradesh,26.66,800,0,-7,24.46,0,31.79,77.1,19.568
13,Kashmir,36.05,800,2,-5,35.35,0,33.94,76.54,28.28
13,Karnataka,378.75,800,0,-1,0,0,15,75,0
13,Kolkata,185.58,800,0,-1,183.75,0,22.56263,88.36304,147
13,Madhya Pradesh,391.29,800,4,-1,391.29,0,23.3,80,313.032
13,Maharashtra,887.35,800,5,2,887.35,17.74,20,76,709.88
13,Mumbai,918.46,800,0,-6,909.37,0,19.07283,72.88261,727.496
13,North East,28.76,800,4,-7,28.48,0,28,95,22.784
13,Odisha,53.86,800,0,-6,51.3,0,26,94.2,41.04
13,Punjab,112.67,800,0,-3,107.31,0,30.8,75.5,85.848
13,Tamil Nadu,450,800,0,-1,0,0,11,78,0
13,Uttar Pradesh E,167.5,800,0,-3,0,0,26,82,0
13,Uttar Pradesh W,118.75,800,0,-1,0,0,28,80,0
13,West Bengal,71.96,800,0,-1,71.25,0,23,87,57
14,Andhra Pradesh,742.63,800,4,-1,728.07,0,16,80,582.456
14,Assam,103.79,800,4,-7,102.77,0,26.2006043,92.9375739,82.216
14,Bihar,106.25,800,1,-3,106.25,0,25.11,85.32,85
14,Delhi,1028.47,800,4,1,1028.47,10.28,28.38,77.12,822.776
14,Gujarat,350.65,800,0,-2,347.18,0,23,72,277.744
14,Haryana,77.07,800,1,-5,70.71,0,29.3,76,56.568
14,Himachal Pradesh,26.66,800,0,-7,24.46,0,31.79,77.1,19.568
14,Kashmir,36.05,800,2,-5,35.35,0,33.94,76.54,28.28
14,Karnataka,378.75,800,0,-1,0,0,15,75,0
14,Kolkata,185.58,800,0,-1,183.75,0,22.56263,88.36304,147
14,Madhya Pradesh,427.56,800,4,-1,427.56,0,23.3,80,342.048
14,Maharashtra,941.65,800,5,2,941.65,18.83,20,76,753.32
14,Mumbai,918.46,800,0,-6,909.37,0,19.07283,72.88261,727.496
14,North East,29.33,800,12,1,29.33,0.29,28,95,23.464
14,Odisha,53.86,800,0,-6,51.3,0,26,94.2,41.04
14,Punjab,112.67,800,0,-3,107.31,0,30.8,75.5,85.848
14,Tamil Nadu,450,800,0,-1,0,0,11,78,0
14,Uttar Pradesh E,167.5,800,0,-3,0,0,26,82,0
14,Uttar Pradesh W,118.75,800,0,-1,0,0,28,80,0
14,West Bengal,71.96,800,0,-1,71.25,0,23,87,57
15,Andhra Pradesh,757.48,800,0,-5,742.63,0,16,80,594.104
15,Assam,103.79,800,4,-7,102.77,0,26.2006043,92.9375739,82.216
15,Bihar,106.25,800,1,-3,106.25,0,25.11,85.32,85
15,Delhi,1038.75,800,1,-2,1038.75,0,28.38,77.12,831
15,Gujarat,350.65,800,0,-2,347.18,0,23,72,277.744
15,Haryana,77.07,800,1,-5,70.71,0,29.3,76,56.568
15,Himachal Pradesh,26.66,800,0,-7,24.46,0,31.79,77.1,19.568
15,Kashmir,36.05,800,2,-5,35.35,0,33.94,76.54,28.28
15,Karnataka,378.75,800,0,-1,0,0,15,75,0
15,Kolkata,185.58,800,0,-1,183.75,0,22.56263,88.36304,147
15,Madhya Pradesh,467.19,800,4,-1,467.19,0,23.3,80,373.752
15,Maharashtra,960.48,800,2,-1,960.48,0,20,76,768.384
15,Mumbai,918.46,800,0,-6,909.37,0,19.07283,72.88261,727.496
15,North East,30.2,800,12,1,30.2,0.3,28,95,24.16
15,Odisha,53.86,800,0,-6,51.3,0,26,94.2,41.04
15,Punjab,112.67,800,0,-3,107.31,0,30.8,75.5,85.848
15,Tamil Nadu,450,800,0,-1,0,0,11,78,0
15,Uttar Pradesh E,167.5,800,0,-3,0,0,26,82,0
15,Uttar Pradesh W,118.75,800,0,-1,0,0,28,80,0
15,West Bengal,71.96,800,0,-1,71.25,0,23,87,57
16,Andhra Pradesh,757.48,800,0,-5,742.63,0,16,80,594.104
16,Assam,103.79,800,4,-7,102.77,0,26.2006043,92.9375739,82.216
16,Bihar,107.31,800,0,-4,106.25,0,25.11,85.32,85
16,Delhi,1038.75,800,1,-2,1038.75,0,28.38,77.12,831
16,Gujarat,350.65,800,0,-2,347.18,0,23,72,277.744
16,Haryana,77.07,800,1,-5,70.71,0,29.3,76,56.568
16,Himachal Pradesh,26.66,800,0,-7,24.46,0,31.79,77.1,19.568
16,Kashmir,36.05,800,2,-5,35.35,0,33.94,76.54,28.28
16,Karnataka,378.75,800,0,-1,0,0,15,75,0
16,Kolkata,185.58,800,0,-1,183.75,0,22.56263,88.36304,147
16,Madhya Pradesh,495.63,800,4,-1,495.63,0,23.3,80,396.504
16,Maharashtra,960.48,800,2,-1,960.48,0,20,76,768.384
16,Mumbai,918.46,800,0,-6,909.37,0,19.07283,72.88261,727.496
16,North East,30.8,800,8,-3,30.8,0,28,95,24.64
16,Odisha,53.86,800,0,-6,51.3,0,26,94.2,41.04
16,Punjab,112.67,800,0,-3,107.31,0,30.8,75.5,85.848
16,Tamil Nadu,450,800,0,-1,0,0,11,78,0
16,Uttar Pradesh E,167.5,800,0,-3,0,0,26,82,0
16,Uttar Pradesh W,118.75,800,0,-1,0,0,28,80,0
16,West Bengal,71.96,800,0,-1,71.25,0,23,87,57
17,Andhra Pradesh,757.48,800,0,-5,742.63,0,16,80,594.104
17,Assam,103.79,800,4,-7,102.77,0,26.2006043,92.9375739,82.216
17,Bihar,107.31,800,4,0,107.31,1.07,25.11,85.32,85.848
17,Delhi,1038.75,800,1,-2,1038.75,0,28.38,77.12,831
17,Gujarat,350.65,800,0,-2,347.18,0,23,72,277.744
17,Haryana,77.07,800,1,-5,70.71,0,29.3,76,56.568
17,Himachal Pradesh,26.66,800,0,-7,24.46,0,31.79,77.1,19.568
17,Kashmir,36.05,800,2,-5,35.35,0,33.94,76.54,28.28
17,Karnataka,378.75,800,0,-1,0,0,15,75,0
17,Kolkata,185.58,800,0,-1,183.75,0,22.56263,88.36304,147
17,Madhya Pradesh,510.49,800,4,-1,510.49,0,23.3,80,408.392
17,Maharashtra,960.48,800,2,-1,960.48,0,20,76,768.384
17,Mumbai,918.46,800,0,-6,909.37,0,19.07283,72.88261,727.496
17,North East,31.72,800,4,-7,31.41,0,28,95,25.128
17,Odisha,53.86,800,0,-6,51.3,0,26,94.2,41.04
17,Punjab,112.67,800,0,-3,107.31,0,30.8,75.5,85.848
17,Tamil Nadu,450,800,0,-1,0,0,11,78,0
17,Uttar Pradesh E,167.5,800,3,0,167.5,1.67,26,82,134
17,Uttar Pradesh W,118.75,800,0,-1,0,0,28,80,0
17,West Bengal,71.96,800,0,-1,71.25,0,23,87,57
18,Andhra Pradesh,757.48,800,0,-5,742.63,0,16,80,594.104
18,Assam,103.79,800,4,-7,102.77,0,26.2006043,92.9375739,82.216
18,Bihar,108.38,800,0,-4,107.31,0,25.11,85.32,85.848
18,Delhi,1049.13,800,1,-2,1049.13,0,28.38,77.12,839.304
18,Gujarat,350.65,800,0,-2,347.18,0,23,72,277.744
18,Haryana,77.07,800,1,-5,70.71,0,29.3,76,56.568
18,Himachal Pradesh,26.66,800,0,-7,24.46,0,31.79,77.1,19.568
18,Kashmir,36.05,800,2,-5,35.35,0,33.94,76.54,28.28
18,Karnataka,378.75,800,0,-1,0,0,15,75,0
18,Kolkata,185.58,800,0,-1,183.75,0,22.56263,88.36304,147
18,Madhya Pradesh,510.49,800,4,-1,510.49,0,23.3,80,408.392
18,Maharashtra,979.68,800,2,-1,979.68,0,20,76,783.744
18,Mumbai,918.46,800,0,-6,909.37,0,19.07283,72.88261,727.496
18,North East,31.72,800,8,-3,31.72,0,28,95,25.376
18,Odisha,53.86,800,0,-6,51.3,0,26,94.2,41.04
18,Punjab,112.67,800,0,-3,107.31,0,30.8,75.5,85.848
18,Tamil Nadu,450,800,0,-1,0,0,11,78,0
18,Uttar Pradesh E,169.17,800,0,-3,167.5,0,26,82,134
18,Uttar Pradesh W,119.93,800,0,-1,118.75,0,28,80,95
18,West Bengal,71.96,800,0,-1,71.25,0,23,87,57
19,Andhra Pradesh,772.62,800,0,-5,757.48,0,16,80,605.984
19,Assam,103.79,800,4,-7,102.77,0,26.2006043,92.9375739,82.216
19,Bihar,108.38,800,0,-4,107.31,0,25.11,85.32,85.848
19,Delhi,1059.62,800,1,-2,1059.62,0,28.38,77.12,847.696
19,Gujarat,350.65,800,0,-2,347.18,0,23,72,277.744
19,Haryana,77.07,800,1,-5,70.71,0,29.3,76,56.568
19,Himachal Pradesh,26.66,800,0,-7,24.46,0,31.79,77.1,19.568
19,Kashmir,36.05,800,2,-5,35.35,0,33.94,76.54,28.28
19,Karnataka,378.75,800,0,-1,0,0,15,75,0
19,Kolkata,185.58,800,0,-1,183.75,0,22.56263,88.36304,147
19,Madhya Pradesh,510.49,800,4,-1,510.49,0,23.3,80,408.392
19,Maharashtra,999.27,800,2,-1,999.27,0,20,76,799.416
19,Mumbai,918.46,800,0,-6,909.37,0,19.07283,72.88261,727.496
19,North East,31.72,800,8,-3,31.72,0,28,95,25.376
19,Odisha,53.86,800,0,-6,51.3,0,26,94.2,41.04
19,Punjab,112.67,800,0,-3,107.31,0,30.8,75.5,85.848
19,Tamil Nadu,450,800,0,-1,0,0,11,78,0
19,Uttar Pradesh E,169.17,800,0,-3,167.5,0,26,82,134
19,Uttar Pradesh W,119.93,800,0,-1,118.75,0,28,80,95
19,West Bengal,71.96,800,0,-1,71.25,0,23,87,57
1,Andhra Pradesh,144.31,900,50,-20,126.07,0,16,80,115.448
1,Assam,18.34,900,6,-25,17.13,0,26.2006043,92.9375739,14.672
1,Bihar,53.77,900,31,0,42.24,0.42,25.11,85.32,43.016
1,Gujarat,119.68,900,63,-7,119.68,0,23,72,95.744
1,Haryana,19.52,900,50,-12,16.91,0,29.3,76,15.616
1,Himachal Pradesh,9.47,900,92,30,8.44,0.5,31.79,77.1,7.576
1,Karnataka,90.9,900,25,-45,80.85,0,15,75,72.72
1,Kerala,42.79,900,50,-12,37.04,0,10,76.25,34.232
1,Madhya Pradesh,47.16,900,50,-12,44.04,0,23.3,80,37.728
1,Maharashtra,151.56,900,60,-10,137.53,0,20,76,121.248
1,North East,5.85,900,0,-44,5.85,0,28,95,4.68
1,Odisha,24.02,900,62,31,20.98,1.46,26,94.2,19.216
1,Punjab,66.11,900,103,25,44.64,2.23,30.8,75.5,52.888
1,Rajasthan,65.13,900,62,0,47.87,0.47,27,74,52.104
1,Uttar Pradesh E,58.65,900,50,19,58.65,2.34,26,82,46.92
1,Uttar Pradesh W,54.74,900,137,106,54.74,5.47,28,80,43.792
1,West Bengal,22.64,900,0,-22,22.42,0,23,87,18.112
2,Andhra Pradesh,144.31,900,25,-45,136.15,0,16,80,115.448
2,Assam,18.34,900,6,-25,17.99,0,26.2006043,92.9375739,14.672
2,Bihar,53.77,900,81,50,53.77,5.37,25.11,85.32,43.016
2,Gujarat,119.68,900,88,18,119.68,4.78,23,72,95.744
2,Haryana,19.52,900,75,13,19.52,0.58,29.3,76,15.616
2,Himachal Pradesh,9.47,900,61,-1,9.47,0,31.79,77.1,7.576
2,Karnataka,90.9,900,50,-20,90.9,0,15,75,72.72
2,Kerala,42.79,900,106,44,42.79,3.85,10,76.25,34.232
2,Madhya Pradesh,47.16,900,25,-37,46.7,0,23.3,80,37.728
2,Maharashtra,151.56,900,25,-45,141.65,0,20,76,121.248
2,North East,5.85,900,0,-44,5.8,0,28,95,4.68
2,Odisha,24.02,900,25,-6,24.02,0,26,94.2,19.216
2,Punjab,66.11,900,77,-1,66.11,0,30.8,75.5,52.888
2,Rajasthan,65.13,900,102,40,65.13,5.21,27,74,52.104
2,Uttar Pradesh E,62.82,900,62,31,62.82,4.39,26,82,50.256
2,Uttar Pradesh W,88.14,900,61,30,88.14,5.28,28,80,70.512
2,West Bengal,22.64,900,22,0,22.64,0.22,23,87,18.112
3,Andhra Pradesh,144.31,900,45,-25,136.15,0,16,80,115.448
3,Assam,18.52,900,25,-6,18.34,0,26.2006043,92.9375739,14.816
3,Bihar,80.56,900,6,-25,76.73,0,25.11,85.32,64.448
3,Gujarat,129.43,900,88,18,129.43,5.17,23,72,103.544
3,Haryana,23.68,900,81,19,23.68,0.94,29.3,76,18.944
3,Himachal Pradesh,9.47,900,61,-1,9.47,0,31.79,77.1,7.576
3,Karnataka,105.19,900,100,30,105.19,6.31,15,75,84.152
3,Kerala,67.78,900,60,-2,67.78,0,10,76.25,54.224
3,Madhya Pradesh,53.06,900,75,13,53.06,1.59,23.3,80,42.448
3,Maharashtra,151.56,900,31,-39,141.65,0,20,76,121.248
3,North East,5.85,900,0,-44,5.8,0,28,95,4.68
3,Odisha,27.53,900,6,-25,26.48,0,26,94.2,22.024
3,Punjab,66.11,900,77,-1,66.11,0,30.8,75.5,52.888
3,Rajasthan,74.63,900,25,-37,73.9,0,27,74,59.704
3,Uttar Pradesh E,75.57,900,56,25,75.57,3.77,26,82,60.456
3,Uttar Pradesh W,99.02,900,25,-6,99.02,0,28,80,79.216
3,West Bengal,24,900,22,0,24,0.24,23,87,19.2
4,Andhra Pradesh,144.31,900,45,-25,136.15,0,16,80,115.448
4,Assam,20.42,900,50,19,20.42,0.81,26.2006043,92.9375739,16.336
4,Bihar,81.36,900,25,-6,80.56,0,25.11,85.32,65.088
4,Gujarat,146.71,900,25,-45,134.6,0,23,72,117.368
4,Haryana,27.68,900,25,-37,26.88,0,29.3,76,22.144
4,Himachal Pradesh,10.43,900,86,24,10.43,0.52,31.79,77.1,8.344
4,Karnataka,122.65,900,44,-26,111.5,0,15,75,98.12
4,Kerala,74.61,900,30,-32,73.88,0,10,76.25,59.688
4,Madhya Pradesh,61.9,900,50,-12,61.9,0,23.3,80,49.52
4,Maharashtra,151.56,900,35,-35,141.65,0,20,76,121.248
4,North East,5.85,900,0,-44,5.8,0,28,95,4.68
4,Odisha,28.91,900,6,-25,27.8,0,26,94.2,23.128
4,Punjab,67.43,900,51,-27,66.77,0,30.8,75.5,53.944
4,Rajasthan,78.36,900,0,-62,74.63,0,27,74,62.688
4,Uttar Pradesh E,88.14,900,25,-6,88.14,0,26,82,70.512
4,Uttar Pradesh W,105,900,25,-6,105,0,28,80,84
4,West Bengal,25.45,900,22,0,25.45,0.25,23,87,20.36
5,Andhra Pradesh,144.31,900,45,-25,136.15,0,16,80,115.448
5,Assam,22.29,900,6,-25,21.44,0,26.2006043,92.9375739,17.832
5,Bihar,81.36,900,25,-6,80.56,0,25.11,85.32,65.088
5,Gujarat,146.71,900,30,-40,134.6,0,23,72,117.368
5,Haryana,28.51,900,75,13,28.51,0.85,29.3,76,22.808
5,Himachal Pradesh,11.49,900,61,-1,11.49,0,31.79,77.1,9.192
5,Karnataka,122.65,900,44,-26,111.5,0,15,75,98.12
5,Kerala,74.61,900,30,-32,73.88,0,10,76.25,59.688
5,Madhya Pradesh,64.99,900,0,-62,61.9,0,23.3,80,51.992
5,Maharashtra,153.07,900,45,-25,151.56,0,20,76,122.456
5,North East,5.85,900,0,-44,5.8,0,28,95,4.68
5,Odisha,28.91,900,6,-25,27.8,0,26,94.2,23.128
5,Punjab,67.43,900,51,-27,66.77,0,30.8,75.5,53.944
5,Rajasthan,78.36,900,0,-62,74.63,0,27,74,62.688
5,Uttar Pradesh E,88.14,900,25,-6,88.14,0,26,82,70.512
5,Uttar Pradesh W,110.25,900,30,-1,110.25,0,28,80,88.2
5,West Bengal,27.24,900,22,0,27.24,0.27,23,87,21.792
6,Andhra Pradesh,144.31,900,45,-25,136.15,0,16,80,115.448
6,Assam,23.64,900,50,19,23.64,0.94,26.2006043,92.9375739,18.912
6,Bihar,81.36,900,25,-6,80.56,0,25.11,85.32,65.088
6,Gujarat,146.71,900,30,-40,134.6,0,23,72,117.368
6,Haryana,30.24,900,26,-36,29.36,0,29.3,76,24.192
6,Himachal Pradesh,11.6,900,0,-62,11.49,0,31.79,77.1,9.28
6,Karnataka,122.65,900,44,-26,111.5,0,15,75,98.12
6,Kerala,74.61,900,30,-32,73.88,0,10,76.25,59.688
6,Madhya Pradesh,64.99,900,0,-62,61.9,0,23.3,80,51.992
6,Maharashtra,154.6,900,0,-70,153.07,0,20,76,123.68
6,North East,6.3,900,69,25,6.3,0.31,28,95,5.04
6,Odisha,28.91,900,6,-25,27.8,0,26,94.2,23.128
6,Punjab,72.15,900,89,11,72.15,2.16,30.8,75.5,57.72
6,Rajasthan,86.19,900,77,15,86.19,2.58,27,74,68.952
6,Uttar Pradesh E,88.14,900,26,-5,88.14,0,26,82,70.512
6,Uttar Pradesh W,110.25,900,30,-1,110.25,0,28,80,88.2
6,West Bengal,28.61,900,44,22,28.61,1.43,23,87,22.888
7,Andhra Pradesh,144.31,900,45,-25,136.15,0,16,80,115.448
7,Assam,27.66,900,46,15,27.66,0.82,26.2006043,92.9375739,22.128
7,Bihar,81.36,900,25,-6,80.56,0,25.11,85.32,65.088
7,Gujarat,146.71,900,30,-40,134.6,0,23,72,117.368
7,Haryana,30.24,900,28,-34,29.36,0,29.3,76,24.192
7,Himachal Pradesh,11.6,900,0,-62,11.49,0,31.79,77.1,9.28
7,Karnataka,122.65,900,44,-26,111.5,0,15,75,98.12
7,Kerala,74.61,900,30,-32,73.88,0,10,76.25,59.688
7,Madhya Pradesh,64.99,900,0,-62,61.9,0,23.3,80,51.992
7,Maharashtra,154.6,900,0,-70,153.07,0,20,76,123.68
7,North East,9.16,900,50,6,9.16,0.18,28,95,7.328
7,Odisha,28.91,900,6,-25,27.8,0,26,94.2,23.128
7,Punjab,74.31,900,74,-4,72.15,0,30.8,75.5,59.448
7,Rajasthan,90.54,900,64,2,90.54,0.9,27,74,72.432
7,Uttar Pradesh E,88.14,900,29,-2,88.14,0,26,82,70.512
7,Uttar Pradesh W,110.25,900,30,-1,110.25,0,28,80,88.2
7,West Bengal,31.55,900,22,0,31.55,0.31,23,87,25.24
8,Andhra Pradesh,144.31,900,45,-25,136.15,0,16,80,115.448
8,Assam,35.92,900,18,-13,35.92,0,26.2006043,92.9375739,28.736
8,Bihar,81.36,900,25,-6,80.56,0,25.11,85.32,65.088
8,Gujarat,146.71,900,30,-40,134.6,0,23,72,117.368
8,Haryana,30.24,900,28,-34,29.36,0,29.3,76,24.192
8,Himachal Pradesh,11.6,900,0,-62,11.49,0,31.79,77.1,9.28
8,Karnataka,122.65,900,44,-26,111.5,0,15,75,98.12
8,Kerala,74.61,900,30,-32,73.88,0,10,76.25,59.688
8,Madhya Pradesh,64.99,900,0,-62,61.9,0,23.3,80,51.992
8,Maharashtra,154.6,900,0,-70,153.07,0,20,76,123.68
8,North East,10.28,900,44,0,10.28,0.1,28,95,8.224
8,Odisha,28.91,900,6,-25,27.8,0,26,94.2,23.128
8,Punjab,74.31,900,74,-4,72.15,0,30.8,75.5,59.448
8,Rajasthan,91.44,900,0,-62,90.54,0,27,74,73.152
8,Uttar Pradesh E,88.14,900,29,-2,88.14,0,26,82,70.512
8,Uttar Pradesh W,110.25,900,30,-1,110.25,0,28,80,88.2
8,West Bengal,33.46,900,22,0,33.46,0.33,23,87,26.768
9,Andhra Pradesh,144.31,900,45,-25,136.15,0,16,80,680.75
9,Assam,37.35,900,0,-31,36.99,0,26.2006043,92.9375739,184.95
9,Bihar,81.36,900,25,-6,80.56,0,25.11,85.32,402.8
9,Gujarat,146.71,900,30,-40,134.6,0,23,72,673
9,Haryana,30.24,900,31,-31,29.36,0,29.3,76,146.8
9,Himachal Pradesh,11.6,900,0,-62,11.49,0,31.79,77.1,57.45
9,Karnataka,122.65,900,44,-26,111.5,0,15,75,557.5
9,Kerala,74.61,900,30,-32,73.88,0,10,76.25,369.4
9,Madhya Pradesh,64.99,900,37,-25,61.9,0,23.3,80,309.5
9,Maharashtra,156.14,900,0,-70,154.6,0,20,76,773
9,North East,10.48,900,0,-44,10.38,0,28,95,51.9
9,Odisha,28.91,900,6,-25,27.8,0,26,94.2,139
9,Punjab,74.31,900,75,-3,72.15,0,30.8,75.5,360.75
9,Rajasthan,91.44,900,29,-33,90.54,0,27,74,452.7
9,Uttar Pradesh E,89.02,900,0,-31,88.14,0,26,82,440.7
9,Uttar Pradesh W,110.25,900,30,-1,110.25,0,28,80,551.25
9,West Bengal,36.89,900,22,0,36.89,0.36,23,87,184.45
10,Andhra Pradesh,144.31,900,45,-25,136.15,0,16,80,680.75
10,Assam,37.35,900,0,-31,36.99,0,26.2006043,92.9375739,184.95
10,Bihar,81.36,900,25,-6,80.56,0,25.11,85.32,402.8
10,Gujarat,146.71,900,30,-40,134.6,0,23,72,673
10,Haryana,30.24,900,31,-31,29.36,0,29.3,76,146.8
10,Himachal Pradesh,11.6,900,0,-62,11.49,0,31.79,77.1,57.45
10,Karnataka,122.65,900,44,-26,111.5,0,15,75,557.5
10,Kerala,74.61,900,30,-32,73.88,0,10,76.25,369.4
10,Madhya Pradesh,64.99,900,37,-25,61.9,0,23.3,80,309.5
10,Maharashtra,156.14,900,0,-70,154.6,0,20,76,773
10,North East,10.48,900,0,-44,10.38,0,28,95,51.9
10,Odisha,28.91,900,6,-25,27.8,0,26,94.2,139
10,Punjab,74.31,900,75,-3,72.15,0,30.8,75.5,360.75
10,Rajasthan,91.44,900,29,-33,90.54,0,27,74,452.7
10,Uttar Pradesh E,89.02,900,0,-31,88.14,0,26,82,440.7
10,Uttar Pradesh W,110.25,900,30,-1,110.25,0,28,80,551.25
10,West Bengal,39.12,900,22,0,39.12,0.39,23,87,195.6
11,Andhra Pradesh,144.31,900,45,-25,136.15,0,16,80,680.75
11,Assam,37.35,900,0,-31,36.99,0,26.2006043,92.9375739,184.95
11,Bihar,81.36,900,25,-6,80.56,0,25.11,85.32,402.8
11,Gujarat,146.71,900,30,-40,134.6,0,23,72,673
11,Haryana,30.24,900,31,-31,29.36,0,29.3,76,146.8
11,Himachal Pradesh,11.6,900,0,-62,11.49,0,31.79,77.1,57.45
11,Karnataka,122.65,900,44,-26,111.5,0,15,75,557.5
11,Kerala,74.61,900,30,-32,73.88,0,10,76.25,369.4
11,Madhya Pradesh,64.99,900,37,-25,61.9,0,23.3,80,309.5
11,Maharashtra,156.14,900,0,-70,154.6,0,20,76,773
11,North East,10.48,900,0,-44,10.38,0,28,95,51.9
11,Odisha,28.91,900,6,-25,27.8,0,26,94.2,139
11,Punjab,74.31,900,75,-3,72.15,0,30.8,75.5,360.75
11,Rajasthan,91.44,900,29,-33,90.54,0,27,74,452.7
11,Uttar Pradesh E,89.02,900,0,-31,88.14,0,26,82,440.7
11,Uttar Pradesh W,110.25,900,30,-1,110.25,0,28,80,551.25
11,West Bengal,40.69,900,30,8,40.69,0.81,23,87,203.45
12,Andhra Pradesh,144.31,900,45,-25,136.15,0,16,80,680.75
12,Assam,37.35,900,0,-31,36.99,0,26.2006043,92.9375739,184.95
12,Bihar,81.36,900,25,-6,80.56,0,25.11,85.32,402.8
12,Gujarat,146.71,900,30,-40,134.6,0,23,72,673
12,Haryana,30.24,900,31,-31,29.36,0,29.3,76,146.8
12,Himachal Pradesh,11.6,900,0,-62,11.49,0,31.79,77.1,57.45
12,Karnataka,122.65,900,44,-26,111.5,0,15,75,557.5
12,Kerala,74.61,900,30,-32,73.88,0,10,76.25,369.4
12,Madhya Pradesh,64.99,900,37,-25,61.9,0,23.3,80,309.5
12,Maharashtra,156.14,900,0,-70,154.6,0,20,76,773
12,North East,10.48,900,0,-44,10.38,0,28,95,51.9
12,Odisha,28.91,900,6,-25,27.8,0,26,94.2,139
12,Punjab,74.31,900,75,-3,72.15,0,30.8,75.5,360.75
12,Rajasthan,91.44,900,31,-31,90.54,0,27,74,452.7
12,Uttar Pradesh E,89.02,900,0,-31,88.14,0,26,82,440.7
12,Uttar Pradesh W,110.25,900,30,-1,110.25,0,28,80,551.25
12,West Bengal,41.91,900,0,-22,41.5,0,23,87,207.5
13,Andhra Pradesh,144.31,900,45,-25,136.15,0,16,80,680.75
13,Assam,37.35,900,0,-31,36.99,0,26.2006043,92.9375739,184.95
13,Bihar,81.36,900,25,-6,80.56,0,25.11,85.32,402.8
13,Gujarat,146.71,900,30,-40,134.6,0,23,72,673
13,Haryana,30.24,900,31,-31,29.36,0,29.3,76,146.8
13,Himachal Pradesh,11.6,900,0,-62,11.49,0,31.79,77.1,57.45
13,Karnataka,122.65,900,44,-26,111.5,0,15,75,557.5
13,Kerala,74.61,900,30,-32,73.88,0,10,76.25,369.4
13,Madhya Pradesh,64.99,900,37,-25,61.9,0,23.3,80,309.5
13,Maharashtra,156.14,900,0,-70,154.6,0,20,76,773
13,North East,10.48,900,0,-44,10.38,0,28,95,51.9
13,Odisha,28.91,900,6,-25,27.8,0,26,94.2,139
13,Punjab,74.31,900,75,-3,72.15,0,30.8,75.5,360.75
13,Rajasthan,91.44,900,31,-31,90.54,0,27,74,452.7
13,Uttar Pradesh E,89.02,900,0,-31,88.14,0,26,82,440.7
13,Uttar Pradesh W,110.25,900,30,-1,110.25,0,28,80,551.25
13,West Bengal,41.91,900,0,-22,41.5,0,23,87,207.5
14,Andhra Pradesh,144.31,900,45,-25,136.15,0,16,80,680.75
14,Assam,37.35,900,0,-31,36.99,0,26.2006043,92.9375739,184.95
14,Bihar,81.36,900,25,-6,80.56,0,25.11,85.32,402.8
14,Gujarat,146.71,900,30,-40,134.6,0,23,72,673
14,Haryana,30.24,900,61,-1,30.24,0,29.3,76,151.2
14,Himachal Pradesh,11.6,900,0,-62,11.49,0,31.79,77.1,57.45
14,Karnataka,122.65,900,44,-26,111.5,0,15,75,557.5
14,Kerala,74.61,900,30,-32,73.88,0,10,76.25,369.4
14,Madhya Pradesh,64.99,900,37,-25,61.9,0,23.3,80,309.5
14,Maharashtra,156.14,900,0,-70,154.6,0,20,76,773
14,North East,10.48,900,0,-44,10.38,0,28,95,51.9
14,Odisha,28.91,900,6,-25,27.8,0,26,94.2,139
14,Punjab,74.31,900,75,-3,72.15,0,30.8,75.5,360.75
14,Rajasthan,91.44,900,31,-31,90.54,0,27,74,452.7
14,Uttar Pradesh E,89.02,900,0,-31,88.14,0,26,82,440.7
14,Uttar Pradesh W,110.25,900,30,-1,110.25,0,28,80,551.25
14,West Bengal,41.91,900,0,-22,41.5,0,23,87,207.5
15,Andhra Pradesh,144.31,900,45,-25,136.15,0,16,80,680.75
15,Assam,37.35,900,0,-31,36.99,0,26.2006043,92.9375739,184.95
15,Bihar,81.36,900,25,-6,80.56,0,25.11,85.32,402.8
15,Gujarat,146.71,900,30,-40,134.6,0,23,72,673
15,Haryana,30.24,900,61,-1,30.24,0,29.3,76,151.2
15,Himachal Pradesh,11.6,900,0,-62,11.49,0,31.79,77.1,57.45
15,Karnataka,122.65,900,44,-26,111.5,0,15,75,557.5
15,Kerala,74.61,900,30,-32,73.88,0,10,76.25,369.4
15,Madhya Pradesh,64.99,900,37,-25,61.9,0,23.3,80,309.5
15,Maharashtra,156.14,900,0,-70,154.6,0,20,76,773
15,North East,10.48,900,0,-44,10.38,0,28,95,51.9
15,Odisha,28.91,900,6,-25,27.8,0,26,94.2,139
15,Punjab,74.31,900,75,-3,72.15,0,30.8,75.5,360.75
15,Rajasthan,96.07,900,102,40,96.07,7.68,27,74,480.35
15,Uttar Pradesh E,95.3,900,60,29,95.3,5.71,26,82,476.5
15,Uttar Pradesh W,121.54,900,55,24,121.54,6.07,28,80,607.7
15,West Bengal,41.91,900,0,-22,41.5,0,23,87,207.5
16,Andhra Pradesh,144.31,900,45,-25,136.15,0,16,80,680.75
16,Assam,37.35,900,0,-31,36.99,0,26.2006043,92.9375739,184.95
16,Bihar,81.36,900,25,-6,80.56,0,25.11,85.32,402.8
16,Gujarat,146.71,900,30,-40,134.6,0,23,72,673
16,Haryana,30.24,900,61,-1,30.24,0,29.3,76,151.2
16,Himachal Pradesh,11.6,900,0,-62,11.49,0,31.79,77.1,57.45
16,Karnataka,122.65,900,44,-26,111.5,0,15,75,557.5
16,Kerala,74.61,900,30,-32,73.88,0,10,76.25,369.4
16,Madhya Pradesh,64.99,900,37,-25,61.9,0,23.3,80,309.5
16,Maharashtra,156.14,900,0,-70,154.6,0,20,76,773
16,North East,10.48,900,0,-44,10.38,0,28,95,51.9
16,Odisha,28.91,900,6,-25,27.8,0,26,94.2,139
16,Punjab,74.31,900,75,-3,72.15,0,30.8,75.5,360.75
16,Rajasthan,111.18,900,71,9,111.18,2.22,27,74,555.9
16,Uttar Pradesh E,109.22,900,29,-2,109.22,0,26,82,546.1
16,Uttar Pradesh W,140.68,900,30,-1,140.68,0,28,80,703.4
16,West Bengal,41.91,900,0,-22,41.5,0,23,87,207.5
17,Andhra Pradesh,144.31,900,45,-25,136.15,0,16,80,680.75
17,Assam,37.35,900,0,-31,36.99,0,26.2006043,92.9375739,184.95
17,Bihar,88.86,900,7,-24,88.86,0,25.11,85.32,444.3
17,Gujarat,146.71,900,30,-40,134.6,0,23,72,673
17,Haryana,30.24,900,61,-1,30.24,0,29.3,76,151.2
17,Himachal Pradesh,11.6,900,0,-62,11.49,0,31.79,77.1,57.45
17,Karnataka,122.65,900,44,-26,111.5,0,15,75,557.5
17,Kerala,74.61,900,30,-32,73.88,0,10,76.25,369.4
17,Madhya Pradesh,64.99,900,37,-25,61.9,0,23.3,80,309.5
17,Maharashtra,156.14,900,0,-70,154.6,0,20,76,773
17,North East,10.48,900,0,-44,10.38,0,28,95,51.9
17,Odisha,28.91,900,6,-25,27.8,0,26,94.2,139
17,Punjab,74.31,900,75,-3,72.15,0,30.8,75.5,360.75
17,Rajasthan,131.24,900,40,-22,131.24,0,27,74,656.2
17,Uttar Pradesh E,126.43,900,54,23,126.43,6.32,26,82,632.15
17,Uttar Pradesh W,147.71,900,25,-6,147.71,0,28,80,738.55
17,West Bengal,41.91,900,0,-22,41.5,0,23,87,207.5
18,Andhra Pradesh,144.31,900,45,-25,136.15,0,16,80,680.75
18,Assam,37.35,900,0,-31,36.99,0,26.2006043,92.9375739,184.95
18,Bihar,88.86,900,8,-23,88.86,0,25.11,85.32,444.3
18,Gujarat,146.71,900,30,-40,134.6,0,23,72,673
18,Haryana,30.24,900,61,-1,30.24,0,29.3,76,151.2
18,Himachal Pradesh,11.6,900,0,-62,11.49,0,31.79,77.1,57.45
18,Karnataka,122.65,900,44,-26,111.5,0,15,75,557.5
18,Kerala,74.61,900,30,-32,73.88,0,10,76.25,369.4
18,Madhya Pradesh,64.99,900,37,-25,61.9,0,23.3,80,309.5
18,Maharashtra,156.14,900,0,-70,154.6,0,20,76,773
18,North East,10.48,900,0,-44,10.38,0,28,95,51.9
18,Odisha,28.91,900,6,-25,27.8,0,26,94.2,139
18,Punjab,74.31,900,75,-3,72.15,0,30.8,75.5,360.75
18,Rajasthan,143.14,900,32,-30,141.73,0,27,74,708.65
18,Uttar Pradesh E,155.12,900,28,-3,155.12,0,26,82,775.6
18,Uttar Pradesh W,147.71,900,25,-6,147.71,0,28,80,738.55
18,West Bengal,41.91,900,0,-22,41.5,0,23,87,207.5
19,Andhra Pradesh,144.31,900,45,-25,136.15,0,16,80,680.75
19,Assam,37.35,900,0,-31,36.99,0,26.2006043,92.9375739,184.95
19,Bihar,88.86,900,8,-23,88.86,0,25.11,85.32,444.3
19,Gujarat,146.71,900,30,-40,134.6,0,23,72,673
19,Haryana,30.24,900,61,-1,30.24,0,29.3,76,151.2
19,Himachal Pradesh,11.6,900,0,-62,11.49,0,31.79,77.1,57.45
19,Karnataka,122.65,900,44,-26,111.5,0,15,75,557.5
19,Kerala,74.61,900,30,-32,73.88,0,10,76.25,369.4
19,Madhya Pradesh,64.99,900,37,-25,61.9,0,23.3,80,309.5
19,Maharashtra,156.14,900,0,-70,154.6,0,20,76,773
19,North East,10.48,900,0,-44,10.38,0,28,95,51.9
19,Odisha,28.91,900,6,-25,27.8,0,26,94.2,139
19,Punjab,74.31,900,75,-3,72.15,0,30.8,75.5,360.75
19,Rajasthan,143.14,900,32,-30,141.73,0,27,74,708.65
19,Uttar Pradesh E,155.12,900,28,-3,155.12,0,26,82,775.6
19,Uttar Pradesh W,147.71,900,25,-6,147.71,0,28,80,738.55
19,West Bengal,41.91,900,0,-22,41.5,0,23,87,207.5
1,Andhra Pradesh,39.15,1800,35,16,36.55,1.46,16,80,31.32
1,Bihar,12.4,1800,0,-10,0,0,25.11,85.32,9.92
1,Gujarat,47.6,1800,0,-17,0,0,23,72,38.08
1,Haryana,6.4,1800,27,-13,6.4,0,29.3,76,5.12
1,Himachal Pradesh,1.8,1800,22,-29,1.8,0,31.79,77.1,1.44
1,Karnataka,37,1800,8,-1,37,0,15,75,29.6
1,Kerala,15,1800,0,-5,0,0,10,76.25,12
1,Kolkata,14.74,1800,0,-35,14.6,0,22.56263,88.36304,11.792
1,North East,2.2,1800,0,-42,0,0,28,95,1.76
1,Odisha,4.6,1800,25,-56,4.6,0,26,94.2,3.68
1,Punjab,14.34,1800,0,-8,14.2,0,30.8,75.5,11.472
1,Rajasthan,12,1800,0,-52,0,0,27,74,9.6
1,Tamil Nadu,45,1800,25,-70,45,0,11,78,36
1,Uttar Pradesh E,19.4,1800,0,-21,0,0,26,82,15.52
1,Uttar Pradesh W,19,1800,0,-11,0,0,28,80,15.2
2,Andhra Pradesh,39.15,1800,16,-3,38.01,0,16,80,31.32
2,Bihar,12.4,1800,0,-10,0,0,25.11,85.32,9.92
2,Gujarat,47.6,1800,0,-17,0,0,23,72,38.08
2,Haryana,6.4,1800,27,-13,6.4,0,29.3,76,5.12
2,Himachal Pradesh,1.8,1800,22,-29,1.8,0,31.79,77.1,1.44
2,Karnataka,37,1800,8,-1,37,0,15,75,29.6
2,Kerala,15,1800,0,-5,0,0,10,76.25,12
2,Kolkata,14.74,1800,0,-35,14.6,0,22.56263,88.36304,11.792
2,North East,2.2,1800,0,-42,0,0,28,95,1.76
2,Odisha,4.6,1800,50,-31,4.6,0,26,94.2,3.68
2,Punjab,14.34,1800,0,-8,14.2,0,30.8,75.5,11.472
2,Rajasthan,12,1800,0,-52,0,0,27,74,9.6
2,Tamil Nadu,45,1800,25,-70,45,0,11,78,36
2,Uttar Pradesh E,19.4,1800,0,-21,0,0,26,82,15.52
2,Uttar Pradesh W,19,1800,0,-11,0,0,28,80,15.2
3,Andhra Pradesh,43.17,1800,16,-3,42.75,0,16,80,34.536
3,Bihar,12.4,1800,0,-10,0,0,25.11,85.32,9.92
3,Gujarat,47.6,1800,0,-17,0,0,23,72,38.08
3,Haryana,6.4,1800,27,-13,6.4,0,29.3,76,5.12
3,Himachal Pradesh,1.8,1800,22,-29,1.8,0,31.79,77.1,1.44
3,Karnataka,37,1800,8,-1,37,0,15,75,29.6
3,Kerala,15,1800,0,-5,0,0,10,76.25,12
3,Kolkata,15.03,1800,0,-35,14.74,0,22.56263,88.36304,12.024
3,North East,2.2,1800,0,-42,0,0,28,95,1.76
3,Odisha,4.6,1800,50,-31,4.6,0,26,94.2,3.68
3,Punjab,14.34,1800,0,-8,14.2,0,30.8,75.5,11.472
3,Rajasthan,12,1800,0,-52,0,0,27,74,9.6
3,Tamil Nadu,45,1800,50,-45,45,0,11,78,36
3,Uttar Pradesh E,19.4,1800,0,-21,0,0,26,82,15.52
3,Uttar Pradesh W,19,1800,0,-11,0,0,28,80,15.2
4,Andhra Pradesh,48.56,1800,19,0,48.56,0.48,16,80,38.848
4,Bihar,12.4,1800,0,-10,0,0,25.11,85.32,9.92
4,Gujarat,47.6,1800,0,-17,0,0,23,72,38.08
4,Haryana,6.4,1800,27,-13,6.4,0,29.3,76,5.12
4,Himachal Pradesh,1.8,1800,22,-29,1.8,0,31.79,77.1,1.44
4,Karnataka,37,1800,8,-1,37,0,15,75,29.6
4,Kerala,15,1800,0,-5,0,0,10,76.25,12
4,Kolkata,15.48,1800,25,-10,15.03,0,22.56263,88.36304,12.384
4,North East,2.2,1800,25,-17,2.2,0,28,95,1.76
4,Odisha,4.6,1800,75,-6,4.6,0,26,94.2,3.68
4,Punjab,14.34,1800,0,-8,14.2,0,30.8,75.5,11.472
4,Rajasthan,12,1800,25,-27,12,0,27,74,9.6
4,Tamil Nadu,45,1800,75,-20,45,0,11,78,36
4,Uttar Pradesh E,19.4,1800,0,-21,0,0,26,82,15.52
4,Uttar Pradesh W,19,1800,0,-11,0,0,28,80,15.2
5,Andhra Pradesh,49.04,1800,6,-13,48.56,0,16,80,39.232
5,Bihar,12.4,1800,0,-10,0,0,25.11,85.32,9.92
5,Gujarat,47.6,1800,0,-17,0,0,23,72,38.08
5,Haryana,6.4,1800,27,-13,6.4,0,29.3,76,5.12
5,Himachal Pradesh,1.8,1800,22,-29,1.8,0,31.79,77.1,1.44
5,Karnataka,37.37,1800,0,-9,37,0,15,75,29.896
5,Kerala,15,1800,0,-5,0,0,10,76.25,12
5,Kolkata,16.9,1800,59,24,16.9,0.84,22.56263,88.36304,13.52
5,North East,2.2,1800,25,-17,2.2,0,28,95,1.76
5,Odisha,4.6,1800,75,-6,4.6,0,26,94.2,3.68
5,Punjab,14.34,1800,0,-8,14.2,0,30.8,75.5,11.472
5,Rajasthan,12,1800,0,-52,12,0,27,74,9.6
5,Tamil Nadu,45,1800,78,-17,45,0,11,78,36
5,Uttar Pradesh E,19.4,1800,15,-6,19.4,0,26,82,15.52
5,Uttar Pradesh W,19,1800,0,-11,0,0,28,80,15.2
6,Andhra Pradesh,49.04,1800,6,-13,48.56,0,16,80,39.232
6,Bihar,12.4,1800,0,-10,0,0,25.11,85.32,9.92
6,Gujarat,48.07,1800,0,-17,47.6,0,23,72,38.456
6,Haryana,6.52,1800,47,7,6.52,0.13,29.3,76,5.216
6,Himachal Pradesh,1.98,1800,26,-25,1.8,0,31.79,77.1,1.584
6,Karnataka,37.37,1800,0,-9,37,0,15,75,29.896
6,Kerala,15.15,1800,0,-5,15,0,10,76.25,12.12
6,Kolkata,18.62,1800,98,63,18.62,1.86,22.56263,88.36304,14.896
6,North East,2.2,1800,25,-17,2.2,0,28,95,1.76
6,Odisha,4.78,1800,75,-6,4.6,0,26,94.2,3.824
6,Punjab,14.34,1800,0,-8,14.2,0,30.8,75.5,11.472
6,Rajasthan,13.86,1800,25,-27,13.2,0,27,74,11.088
6,Tamil Nadu,45,1800,78,-17,45,0,11,78,36
6,Uttar Pradesh E,19.4,1800,15,-6,19.4,0,26,82,15.52
6,Uttar Pradesh W,19,1800,0,-11,0,0,28,80,15.2
7,Andhra Pradesh,49.04,1800,6,-13,48.56,0,16,80,39.232
7,Bihar,12.4,1800,0,-10,0,0,25.11,85.32,9.92
7,Gujarat,48.07,1800,0,-17,47.6,0,23,72,38.456
7,Haryana,6.91,1800,47,7,6.91,0.13,29.3,76,5.528
7,Himachal Pradesh,2.02,1800,28,-23,2,0,31.79,77.1,1.616
7,Karnataka,37.37,1800,0,-9,37,0,15,75,29.896
7,Kerala,15.15,1800,0,-5,15,0,10,76.25,12.12
7,Kolkata,24.32,1800,74,39,24.32,1.94,22.56263,88.36304,19.456
7,North East,2.2,1800,25,-17,2.2,0,28,95,1.76
7,Odisha,5.16,1800,75,-6,4.97,0,26,94.2,4.128
7,Punjab,14.34,1800,0,-8,14.2,0,30.8,75.5,11.472
7,Rajasthan,15.27,1800,0,-52,14.55,0,27,74,12.216
7,Tamil Nadu,45,1800,78,-17,45,0,11,78,36
7,Uttar Pradesh E,19.4,1800,15,-6,19.4,0,26,82,15.52
7,Uttar Pradesh W,19,1800,0,-11,0,0,28,80,15.2
8,Andhra Pradesh,49.04,1800,6,-13,48.56,0,16,80,39.232
8,Bihar,12.4,1800,0,-10,0,0,25.11,85.32,9.92
8,Gujarat,48.07,1800,0,-17,47.6,0,23,72,38.456
8,Haryana,7.32,1800,57,17,7.32,0.29,29.3,76,5.856
8,Himachal Pradesh,2.12,1800,40,-11,2.08,0,31.79,77.1,1.696
8,Karnataka,37.37,1800,0,-9,37,0,15,75,29.896
8,Kerala,15.15,1800,0,-5,15,0,10,76.25,12.12
8,Kolkata,28.39,1800,50,15,28.39,0.85,22.56263,88.36304,22.712
8,North East,2.2,1800,25,-17,2.2,0,28,95,1.76
8,Odisha,5.57,1800,75,-6,5.36,0,26,94.2,4.456
8,Punjab,14.34,1800,0,-8,14.2,0,30.8,75.5,11.472
8,Rajasthan,15.27,1800,0,-52,14.55,0,27,74,12.216
8,Tamil Nadu,45,1800,78,-17,45,0,11,78,36
8,Uttar Pradesh E,19.4,1800,15,-6,19.4,0,26,82,15.52
8,Uttar Pradesh W,19,1800,3,-8,19,0,28,80,15.2
9,Andhra Pradesh,49.04,1800,6,-13,48.56,0,16,80,242.8
9,Bihar,12.4,1800,0,-10,0,0,25.11,85.32,0
9,Gujarat,48.07,1800,0,-17,47.6,0,23,72,238
9,Haryana,8.06,1800,51,11,8.06,0.24,29.3,76,40.3
9,Himachal Pradesh,2.42,1800,55,4,2.42,0.02,31.79,77.1,12.1
9,Karnataka,37.37,1800,0,-9,37,0,15,75,185
9,Kerala,15.15,1800,0,-5,15,0,10,76.25,75
9,Kolkata,31.01,1800,0,-35,29.82,0,22.56263,88.36304,149.1
9,North East,2.2,1800,33,-9,2.2,0,28,95,11
9,Odisha,6.62,1800,50,-31,6.02,0,26,94.2,30.1
9,Punjab,14.34,1800,0,-8,14.2,0,30.8,75.5,71
9,Rajasthan,15.27,1800,0,-52,14.55,0,27,74,72.75
9,Tamil Nadu,45,1800,78,-17,45,0,11,78,225
9,Uttar Pradesh E,19.4,1800,15,-6,19.4,0,26,82,97
9,Uttar Pradesh W,19,1800,3,-8,19,0,28,80,95
10,Andhra Pradesh,49.04,1800,6,-13,48.56,0,16,80,242.8
10,Bihar,12.4,1800,0,-10,0,0,25.11,85.32,0
10,Gujarat,48.07,1800,0,-17,47.6,0,23,72,238
10,Haryana,8.79,1800,51,11,8.79,0.26,29.3,76,43.95
10,Himachal Pradesh,2.48,1800,54,3,2.48,0.02,31.79,77.1,12.4
10,Karnataka,37.37,1800,0,-9,37,0,15,75,185
10,Kerala,15.15,1800,0,-5,15,0,10,76.25,75
10,Kolkata,31.01,1800,0,-35,29.82,0,22.56263,88.36304,149.1
10,North East,2.2,1800,33,-9,2.2,0,28,95,11
10,Odisha,6.68,1800,25,-56,6.62,0,26,94.2,33.1
10,Punjab,14.34,1800,0,-8,14.2,0,30.8,75.5,71
10,Rajasthan,15.27,1800,0,-52,14.55,0,27,74,72.75
10,Tamil Nadu,45,1800,84,-11,45,0,11,78,225
10,Uttar Pradesh E,19.4,1800,18,-3,19.4,0,26,82,97
10,Uttar Pradesh W,19,1800,3,-8,19,0,28,80,95
11,Andhra Pradesh,49.04,1800,6,-13,48.56,0,16,80,242.8
11,Bihar,12.4,1800,0,-10,0,0,25.11,85.32,0
11,Gujarat,48.07,1800,0,-17,47.6,0,23,72,238
11,Haryana,9.59,1800,3,-37,9.32,0,29.3,76,46.6
11,Himachal Pradesh,2.7,1800,66,15,2.7,0.08,31.79,77.1,13.5
11,Karnataka,37.37,1800,0,-9,37,0,15,75,185
11,Kerala,15.3,1800,5,0,15.3,0.15,10,76.25,76.5
11,Kolkata,31.01,1800,0,-35,29.82,0,22.56263,88.36304,149.1
11,North East,2.2,1800,33,-9,2.2,0,28,95,11
11,Odisha,6.68,1800,25,-56,6.62,0,26,94.2,33.1
11,Punjab,14.34,1800,3,-5,14.2,0,30.8,75.5,71
11,Rajasthan,15.27,1800,0,-52,14.55,0,27,74,72.75
11,Tamil Nadu,45,1800,85,-10,45,0,11,78,225
11,Uttar Pradesh E,19.4,1800,18,-3,19.4,0,26,82,97
11,Uttar Pradesh W,19,1800,3,-8,19,0,28,80,95
12,Andhra Pradesh,49.04,1800,6,-13,48.56,0,16,80,242.8
12,Bihar,12.4,1800,0,-10,0,0,25.11,85.32,0
12,Gujarat,48.07,1800,0,-17,47.6,0,23,72,238
12,Haryana,9.59,1800,23,-17,9.32,0,29.3,76,46.6
12,Himachal Pradesh,2.9,1800,30,-21,2.88,0,31.79,77.1,14.4
12,Karnataka,37.37,1800,0,-9,37,0,15,75,185
12,Kerala,15.9,1800,3,-2,15.9,0,10,76.25,79.5
12,Kolkata,31.01,1800,0,-35,29.82,0,22.56263,88.36304,149.1
12,North East,2.2,1800,33,-9,2.2,0,28,95,11
12,Odisha,6.68,1800,25,-56,6.62,0,26,94.2,33.1
12,Punjab,14.34,1800,3,-5,14.2,0,30.8,75.5,71
12,Rajasthan,15.27,1800,0,-52,14.55,0,27,74,72.75
12,Tamil Nadu,45,1800,85,-10,45,0,11,78,225
12,Uttar Pradesh E,19.78,1800,18,-3,19.59,0,26,82,97.95
12,Uttar Pradesh W,19,1800,3,-8,19,0,28,80,95
13,Andhra Pradesh,49.04,1800,6,-13,48.56,0,16,80,242.8
13,Bihar,12.4,1800,0,-10,0,0,25.11,85.32,0
13,Gujarat,48.07,1800,0,-17,47.6,0,23,72,238
13,Haryana,9.59,1800,23,-17,9.32,0,29.3,76,46.6
13,Himachal Pradesh,2.92,1800,0,-51,2.9,0,31.79,77.1,14.5
13,Karnataka,37.37,1800,0,-9,37,0,15,75,185
13,Kerala,16.37,1800,8,3,16.37,0.16,10,76.25,81.85
13,Kolkata,31.01,1800,0,-35,29.82,0,22.56263,88.36304,149.1
13,North East,2.2,1800,33,-9,2.2,0,28,95,11
13,Odisha,6.68,1800,25,-56,6.62,0,26,94.2,33.1
13,Punjab,14.34,1800,3,-5,14.2,0,30.8,75.5,71
13,Rajasthan,15.27,1800,0,-52,14.55,0,27,74,72.75
13,Tamil Nadu,45,1800,85,-10,45,0,11,78,225
13,Uttar Pradesh E,19.78,1800,18,-3,19.59,0,26,82,97.95
13,Uttar Pradesh W,19,1800,3,-8,19,0,28,80,95
14,Andhra Pradesh,49.04,1800,6,-13,48.56,0,16,80,242.8
14,Bihar,12.4,1800,0,-10,0,0,25.11,85.32,0
14,Gujarat,48.07,1800,0,-17,47.6,0,23,72,238
14,Haryana,9.59,1800,23,-17,9.32,0,29.3,76,46.6
14,Himachal Pradesh,2.96,1800,30,-21,2.94,0,31.79,77.1,14.7
14,Karnataka,37.37,1800,0,-9,37,0,15,75,185
14,Kerala,16.85,1800,0,-5,16.69,0,10,76.25,83.45
14,Kolkata,31.01,1800,0,-35,29.82,0,22.56263,88.36304,149.1
14,North East,2.2,1800,38,-4,2.2,0,28,95,11
14,Odisha,6.68,1800,25,-56,6.62,0,26,94.2,33.1
14,Punjab,14.34,1800,3,-5,14.2,0,30.8,75.5,71
14,Rajasthan,15.27,1800,0,-52,14.55,0,27,74,72.75
14,Tamil Nadu,45,1800,85,-10,45,0,11,78,225
14,Uttar Pradesh E,19.78,1800,18,-3,19.59,0,26,82,97.95
14,Uttar Pradesh W,19,1800,3,-8,19,0,28,80,95
15,Andhra Pradesh,49.04,1800,6,-13,48.56,0,16,80,242.8
15,Bihar,12.4,1800,0,-10,0,0,25.11,85.32,0
15,Gujarat,48.07,1800,0,-17,47.6,0,23,72,238
15,Haryana,9.59,1800,23,-17,9.32,0,29.3,76,46.6
15,Himachal Pradesh,3.09,1800,56,5,3.09,0.03,31.79,77.1,15.45
15,Karnataka,37.37,1800,0,-9,37,0,15,75,185
15,Kerala,16.85,1800,0,-5,16.69,0,10,76.25,83.45
15,Kolkata,31.01,1800,0,-35,29.82,0,22.56263,88.36304,149.1
15,North East,2.2,1800,38,-4,2.2,0,28,95,11
15,Odisha,6.68,1800,25,-56,6.62,0,26,94.2,33.1
15,Punjab,14.34,1800,3,-5,14.2,0,30.8,75.5,71
15,Rajasthan,15.27,1800,0,-52,14.55,0,27,74,72.75
15,Tamil Nadu,45,1800,85,-10,45,0,11,78,225
15,Uttar Pradesh E,19.78,1800,18,-3,19.59,0,26,82,97.95
15,Uttar Pradesh W,19,1800,3,-8,19,0,28,80,95
16,Andhra Pradesh,49.04,1800,6,-13,48.56,0,16,80,242.8
16,Bihar,12.4,1800,0,-10,0,0,25.11,85.32,0
16,Gujarat,48.07,1800,0,-17,47.6,0,23,72,238
16,Haryana,9.59,1800,23,-17,9.32,0,29.3,76,46.6
16,Himachal Pradesh,3.18,1800,25,-26,3.15,0,31.79,77.1,15.75
16,Karnataka,37.37,1800,0,-9,37,0,15,75,185
16,Kerala,16.85,1800,0,-5,16.69,0,10,76.25,83.45
16,Kolkata,31.01,1800,0,-35,29.82,0,22.56263,88.36304,149.1
16,North East,2.2,1800,38,-4,2.2,0,28,95,11
16,Odisha,6.68,1800,25,-56,6.62,0,26,94.2,33.1
16,Punjab,14.34,1800,3,-5,14.2,0,30.8,75.5,71
16,Rajasthan,15.27,1800,0,-52,14.55,0,27,74,72.75
16,Tamil Nadu,45,1800,85,-10,45,0,11,78,225
16,Uttar Pradesh E,19.78,1800,18,-3,19.59,0,26,82,97.95
16,Uttar Pradesh W,19,1800,3,-8,19,0,28,80,95
17,Andhra Pradesh,49.04,1800,6,-13,48.56,0,16,80,242.8
17,Bihar,12.4,1800,0,-10,0,0,25.11,85.32,0
17,Gujarat,48.07,1800,0,-17,47.6,0,23,72,238
17,Haryana,9.59,1800,23,-17,9.32,0,29.3,76,46.6
17,Himachal Pradesh,3.21,1800,0,-51,3.18,0,31.79,77.1,15.9
17,Karnataka,37.37,1800,0,-9,37,0,15,75,185
17,Kerala,16.85,1800,0,-5,16.69,0,10,76.25,83.45
17,Kolkata,31.01,1800,0,-35,29.82,0,22.56263,88.36304,149.1
17,North East,2.2,1800,38,-4,2.2,0,28,95,11
17,Odisha,6.68,1800,25,-56,6.62,0,26,94.2,33.1
17,Punjab,14.34,1800,3,-5,14.2,0,30.8,75.5,71
17,Rajasthan,15.27,1800,0,-52,14.55,0,27,74,72.75
17,Tamil Nadu,45,1800,85,-10,45,0,11,78,225
17,Uttar Pradesh E,21.39,1800,17,-4,20.77,0,26,82,103.85
17,Uttar Pradesh W,19.38,1800,0,-11,19.19,0,28,80,95.95
18,Andhra Pradesh,49.04,1800,6,-13,48.56,0,16,80,242.8
18,Bihar,12.4,1800,0,-10,0,0,25.11,85.32,0
18,Gujarat,48.07,1800,0,-17,47.6,0,23,72,238
18,Haryana,9.59,1800,23,-17,9.32,0,29.3,76,46.6
18,Himachal Pradesh,3.21,1800,0,-51,3.18,0,31.79,77.1,15.9
18,Karnataka,37.37,1800,0,-9,37,0,15,75,185
18,Kerala,16.85,1800,0,-5,16.69,0,10,76.25,83.45
18,Kolkata,31.01,1800,0,-35,29.82,0,22.56263,88.36304,149.1
18,North East,2.2,1800,38,-4,2.2,0,28,95,11
18,Odisha,6.68,1800,25,-56,6.62,0,26,94.2,33.1
18,Punjab,14.34,1800,3,-5,14.2,0,30.8,75.5,71
18,Rajasthan,15.27,1800,0,-52,14.55,0,27,74,72.75
18,Tamil Nadu,45,1800,85,-10,45,0,11,78,225
18,Uttar Pradesh E,22.03,1800,15,-6,21.39,0,26,82,106.95
18,Uttar Pradesh W,19.38,1800,0,-11,19.19,0,28,80,95.95
19,Andhra Pradesh,49.04,1800,6,-13,48.56,0,16,80,242.8
19,Bihar,12.4,1800,0,-10,0,0,25.11,85.32,0
19,Gujarat,48.07,1800,0,-17,47.6,0,23,72,238
19,Haryana,9.59,1800,23,-17,9.32,0,29.3,76,46.6
19,Himachal Pradesh,3.21,1800,0,-51,3.18,0,31.79,77.1,15.9
19,Karnataka,37.37,1800,0,-9,37,0,15,75,185
19,Kerala,16.85,1800,0,-5,16.69,0,10,76.25,83.45
19,Kolkata,31.01,1800,0,-35,29.82,0,22.56263,88.36304,149.1
19,North East,2.2,1800,38,-4,2.2,0,28,95,11
19,Odisha,6.68,1800,25,-56,6.62,0,26,94.2,33.1
19,Punjab,14.34,1800,3,-5,14.2,0,30.8,75.5,71
19,Rajasthan,15.27,1800,0,-52,14.55,0,27,74,72.75
19,Tamil Nadu,45,1800,85,-10,45,0,11,78,225
19,Uttar Pradesh E,22.03,1800,15,-6,21.39,0,26,82,106.95
19,Uttar Pradesh W,19.38,1800,0,-11,19.19,0,28,80,95.95
1,Andhra Pradesh,1375,2100,0,-1,0,0,16,80,275
1,Assam,164.82,2100,1,0,156.85,1.56,26.2006043,92.9375739,32.964
1,Delhi,3315,2100,0,-1,0,0,28.38,77.12,663
1,Gujarat,1302.9,2100,0,-1,1290,0,23,72,260.58
1,Haryana,232.3,2100,0,-1,230,0,29.3,76,46.46
1,Karnataka,1610,2100,0,-1,0,0,15,75,322
1,Kerala,594.45,2100,0,-1,588.57,0,10,76.25,118.89
1,Kolkata,583.74,2100,0,-1,577.97,0,22.56263,88.36304,116.748
1,Madhya Pradesh,461.31,2100,0,-1,456.75,0,23.3,80,92.262
1,Maharashtra,1520.05,2100,0,-1,1505,0,20,76,304.01
1,Mumbai,3245,2100,0,-1,0,0,19.07283,72.88261,649
1,North East,45.45,2100,1,0,43.26,0.43,29,95,9.09
1,Odisha,182.06,2100,1,0,180.26,1.8,26,94.2,36.412
1,Rajasthan,509.06,2100,1,0,465.92,4.65,27,74,101.812
1,Tamil Nadu,1737.2,2100,0,-1,1720,0,11,78,347.44
1,Uttar Pradesh E,456.01,2100,0,-1,451.5,0,26,82,91.202
1,Uttar Pradesh W,520.15,2100,0,-1,515,0,28,80,104.03
2,Andhra Pradesh,1375,2100,0,-1,0,0,16,80,275
2,Assam,164.82,2100,1,0,164.82,1.64,26.2006043,92.9375739,32.964
2,Delhi,3315,2100,0,-1,0,0,28.38,77.12,663
2,Gujarat,1302.9,2100,0,-1,1290,0,23,72,260.58
2,Haryana,232.3,2100,0,-1,230,0,29.3,76,46.46
2,Karnataka,1610,2100,0,-1,0,0,15,75,322
2,Kerala,594.45,2100,0,-1,588.57,0,10,76.25,118.89
2,Kolkata,583.74,2100,0,-1,577.97,0,22.56263,88.36304,116.748
2,Madhya Pradesh,461.31,2100,0,-1,456.75,0,23.3,80,92.262
2,Maharashtra,1520.05,2100,0,-1,1505,0,20,76,304.01
2,Mumbai,3245,2100,0,-1,0,0,19.07283,72.88261,649
2,North East,45.45,2100,1,0,45.45,0.45,29,95,9.09
2,Odisha,182.06,2100,0,-1,180.26,0,26,94.2,36.412
2,Rajasthan,509.06,2100,1,0,509.06,5.09,27,74,101.812
2,Tamil Nadu,1737.2,2100,0,-1,1720,0,11,78,347.44
2,Uttar Pradesh E,456.01,2100,0,-1,451.5,0,26,82,91.202
2,Uttar Pradesh W,520.15,2100,0,-1,515,0,28,80,104.03
3,Andhra Pradesh,1375,2100,0,-1,0,0,16,80,275
3,Assam,168.12,2100,0,-1,166.46,0,26.2006043,92.9375739,33.624
3,Delhi,3315,2100,0,-1,0,0,28.38,77.12,663
3,Gujarat,1302.9,2100,0,-1,1290,0,23,72,260.58
3,Haryana,232.3,2100,0,-1,230,0,29.3,76,46.46
3,Karnataka,1610,2100,0,-1,0,0,15,75,322
3,Kerala,594.45,2100,0,-1,588.57,0,10,76.25,118.89
3,Kolkata,583.74,2100,0,-1,577.97,0,22.56263,88.36304,116.748
3,Madhya Pradesh,461.31,2100,0,-1,456.75,0,23.3,80,92.262
3,Maharashtra,1520.05,2100,0,-1,1505,0,20,76,304.01
3,Mumbai,3245,2100,0,-1,0,0,19.07283,72.88261,649
3,North East,48.21,2100,1,0,48.21,0.48,29,95,9.642
3,Odisha,182.06,2100,0,-1,180.26,0,26,94.2,36.412
3,Rajasthan,540.36,2100,1,0,540.36,5.4,27,74,108.072
3,Tamil Nadu,1737.2,2100,0,-1,1720,0,11,78,347.44
3,Uttar Pradesh E,456.01,2100,0,-1,451.5,0,26,82,91.202
3,Uttar Pradesh W,520.15,2100,0,-1,515,0,28,80,104.03
4,Andhra Pradesh,1375,2100,0,-1,0,0,16,80,275
4,Assam,171.49,2100,1,0,171.49,1.71,26.2006043,92.9375739,34.298
4,Delhi,3315,2100,0,-1,0,0,28.38,77.12,663
4,Gujarat,1302.9,2100,0,-1,1290,0,23,72,260.58
4,Haryana,232.3,2100,0,-1,230,0,29.3,76,46.46
4,Karnataka,1626.1,2100,0,-1,1610,0,15,75,325.22
4,Kerala,594.45,2100,0,-1,588.57,0,10,76.25,118.89
4,Kolkata,583.74,2100,0,-1,577.97,0,22.56263,88.36304,116.748
4,Madhya Pradesh,461.31,2100,0,-1,456.75,0,23.3,80,92.262
4,Maharashtra,1520.05,2100,0,-1,1505,0,20,76,304.01
4,Mumbai,3245,2100,0,-1,0,0,19.07283,72.88261,649
4,North East,51.15,2100,1,0,51.15,0.51,29,95,10.23
4,Odisha,182.06,2100,0,-1,180.26,0,26,94.2,36.412
4,Rajasthan,596.29,2100,1,0,596.29,5.96,27,74,119.258
4,Tamil Nadu,1737.2,2100,0,-1,1720,0,11,78,347.44
4,Uttar Pradesh E,456.01,2100,0,-1,451.5,0,26,82,91.202
4,Uttar Pradesh W,520.15,2100,0,-1,515,0,28,80,104.03
5,Andhra Pradesh,1375,2100,0,-1,0,0,16,80,275
5,Assam,174.93,2100,0,-1,173.2,0,26.2006043,92.9375739,34.986
5,Delhi,3315,2100,0,-1,0,0,28.38,77.12,663
5,Gujarat,1302.9,2100,0,-1,1290,0,23,72,260.58
5,Haryana,232.3,2100,0,-1,230,0,29.3,76,46.46
5,Karnataka,1626.1,2100,0,-1,1610,0,15,75,325.22
5,Kerala,594.45,2100,0,-1,588.57,0,10,76.25,118.89
5,Kolkata,583.74,2100,0,-1,577.97,0,22.56263,88.36304,116.748
5,Madhya Pradesh,461.31,2100,0,-1,456.75,0,23.3,80,92.262
5,Maharashtra,1520.05,2100,0,-1,1505,0,20,76,304.01
5,Mumbai,3245,2100,0,-1,0,0,19.07283,72.88261,649
5,North East,51.15,2100,1,-1,51.66,0,29,95,10.23
5,Odisha,182.06,2100,0,-1,180.26,0,26,94.2,36.412
5,Rajasthan,596.29,2100,1,-1,602.25,0,27,74,119.258
5,Tamil Nadu,1737.2,2100,0,-1,1720,0,11,78,347.44
5,Uttar Pradesh E,456.01,2100,0,-1,451.5,0,26,82,91.202
5,Uttar Pradesh W,520.15,2100,0,-1,515,0,28,80,104.03
6,Andhra Pradesh,1375,2100,0,-1,0,0,16,80,275
6,Assam,176.67,2100,0,-1,174.93,0,26.2006043,92.9375739,35.334
6,Delhi,3315,2100,0,-1,0,0,28.38,77.12,663
6,Gujarat,1302.9,2100,0,-1,1290,0,23,72,260.58
6,Haryana,232.3,2100,0,-1,230,0,29.3,76,46.46
6,Karnataka,1658.78,2100,0,-1,1642.36,0,15,75,331.756
6,Kerala,594.45,2100,0,-1,588.57,0,10,76.25,118.89
6,Kolkata,583.74,2100,0,-1,577.97,0,22.56263,88.36304,116.748
6,Madhya Pradesh,461.31,2100,0,-1,456.75,0,23.3,80,92.262
6,Maharashtra,1520.05,2100,0,-1,1505,0,20,76,304.01
6,Mumbai,3245,2100,0,-1,0,0,19.07283,72.88261,649
6,North East,53.74,2100,0,-1,53.21,0,29,95,10.748
6,Odisha,182.06,2100,0,-1,180.26,0,26,94.2,36.412
6,Rajasthan,614.35,2100,0,-1,608.27,0,27,74,122.87
6,Tamil Nadu,1737.2,2100,0,-1,1720,0,11,78,347.44
6,Uttar Pradesh E,456.01,2100,0,-1,451.5,0,26,82,91.202
6,Uttar Pradesh W,520.15,2100,0,-1,515,0,28,80,104.03
7,Andhra Pradesh,1375,2100,0,-1,0,0,16,80,275
7,Assam,178.43,2100,1,0,178.43,1.78,26.2006043,92.9375739,35.686
7,Delhi,3315,2100,0,-1,0,0,28.38,77.12,663
7,Gujarat,1302.9,2100,0,-1,1290,0,23,72,260.58
7,Haryana,232.3,2100,0,-1,230,0,29.3,76,46.46
7,Karnataka,1658.78,2100,0,-1,1642.36,0,15,75,331.756
7,Kerala,594.45,2100,0,-1,588.57,0,10,76.25,118.89
7,Kolkata,583.74,2100,0,-1,577.97,0,22.56263,88.36304,116.748
7,Madhya Pradesh,461.31,2100,0,-1,456.75,0,23.3,80,92.262
7,Maharashtra,1520.05,2100,0,-1,1505,0,20,76,304.01
7,Mumbai,3245,2100,0,-1,0,0,19.07283,72.88261,649
7,North East,53.74,2100,0,-1,53.21,0,29,95,10.748
7,Odisha,182.06,2100,0,-1,180.26,0,26,94.2,36.412
7,Rajasthan,645.66,2100,1,0,645.66,6.45,27,74,129.132
7,Tamil Nadu,1737.2,2100,0,-1,1720,0,11,78,347.44
7,Uttar Pradesh E,456.01,2100,0,-1,451.5,0,26,82,91.202
7,Uttar Pradesh W,520.15,2100,0,-1,515,0,28,80,104.03
8,Andhra Pradesh,1375,2100,0,-1,0,0,16,80,275
8,Assam,189.38,2100,1,0,189.38,1.89,26.2006043,92.9375739,37.876
8,Delhi,3315,2100,0,-1,0,0,28.38,77.12,663
8,Gujarat,1302.9,2100,0,-1,1290,0,23,72,260.58
8,Haryana,232.3,2100,0,-1,230,0,29.3,76,46.46
8,Karnataka,1658.78,2100,0,-1,1642.36,0,15,75,331.756
8,Kerala,594.45,2100,0,-1,588.57,0,10,76.25,118.89
8,Kolkata,583.74,2100,0,-1,577.97,0,22.56263,88.36304,116.748
8,Madhya Pradesh,461.31,2100,0,-1,456.75,0,23.3,80,92.262
8,Maharashtra,1520.05,2100,0,-1,1505,0,20,76,304.01
8,Mumbai,3245,2100,0,-1,0,0,19.07283,72.88261,649
8,North East,53.74,2100,1,0,53.74,0.53,29,95,10.748
8,Odisha,182.06,2100,0,-1,180.26,0,26,94.2,36.412
8,Rajasthan,685.35,2100,1,0,685.35,6.85,27,74,137.07
8,Tamil Nadu,1737.2,2100,0,-1,1720,0,11,78,347.44
8,Uttar Pradesh E,456.01,2100,0,-1,451.5,0,26,82,91.202
8,Uttar Pradesh W,520.15,2100,1,0,520.15,5.2,28,80,104.03
9,Andhra Pradesh,1375,2100,0,-1,0,0,16,80,0
9,Assam,195.11,2100,0,-1,193.18,0,26.2006043,92.9375739,38.636
9,Delhi,3315,2100,0,-1,0,0,28.38,77.12,0
9,Gujarat,1302.9,2100,0,-1,1290,0,23,72,258
9,Haryana,232.3,2100,0,-1,230,0,29.3,76,46
9,Karnataka,1658.78,2100,0,-1,1642.36,0,15,75,328.472
9,Kerala,594.45,2100,0,-1,588.57,0,10,76.25,117.714
9,Kolkata,583.74,2100,0,-1,577.97,0,22.56263,88.36304,115.594
9,Madhya Pradesh,461.31,2100,0,-1,456.75,0,23.3,80,91.35
9,Maharashtra,1520.05,2100,0,-1,1505,0,20,76,301
9,Mumbai,3245,2100,0,-1,0,0,19.07283,72.88261,0
9,North East,55.9,2100,0,-1,55.35,0,29,95,11.07
9,Odisha,182.06,2100,0,-1,180.26,0,26,94.2,36.052
9,Rajasthan,706.11,2100,0,-1,699.12,0,27,74,139.824
9,Tamil Nadu,1737.2,2100,0,-1,1720,0,11,78,344
9,Uttar Pradesh E,456.01,2100,0,-1,451.5,0,26,82,90.3
9,Uttar Pradesh W,530.6,2100,0,-1,525.35,0,28,80,105.07
10,Andhra Pradesh,1375,2100,0,-1,0,0,16,80,0
10,Assam,195.11,2100,0,-1,193.18,0,26.2006043,92.9375739,38.636
10,Delhi,3315,2100,0,-1,0,0,28.38,77.12,0
10,Gujarat,1302.9,2100,0,-1,1290,0,23,72,258
10,Haryana,232.3,2100,0,-1,230,0,29.3,76,46
10,Karnataka,1658.78,2100,0,-1,1642.36,0,15,75,328.472
10,Kerala,594.45,2100,0,-1,588.57,0,10,76.25,117.714
10,Kolkata,583.74,2100,0,-1,577.97,0,22.56263,88.36304,115.594
10,Madhya Pradesh,461.31,2100,0,-1,456.75,0,23.3,80,91.35
10,Maharashtra,1520.05,2100,0,-1,1505,0,20,76,301
10,Mumbai,3245,2100,0,-1,0,0,19.07283,72.88261,0
10,North East,55.9,2100,0,-1,55.35,0,29,95,11.07
10,Odisha,182.06,2100,0,-1,180.26,0,26,94.2,36.052
10,Rajasthan,706.11,2100,0,-1,699.12,0,27,74,139.824
10,Tamil Nadu,1737.2,2100,0,-1,1720,0,11,78,344
10,Uttar Pradesh E,456.01,2100,0,-1,451.5,0,26,82,90.3
10,Uttar Pradesh W,530.6,2100,0,-1,525.35,0,28,80,105.07
11,Andhra Pradesh,1375,2100,0,-1,0,0,16,80,0
11,Assam,195.11,2100,0,-1,193.18,0,26.2006043,92.9375739,38.636
11,Delhi,3315,2100,0,-1,0,0,28.38,77.12,0
11,Gujarat,1302.9,2100,0,-1,1290,0,23,72,258
11,Haryana,232.3,2100,0,-1,230,0,29.3,76,46
11,Karnataka,1658.78,2100,0,-1,1642.36,0,15,75,328.472
11,Kerala,594.45,2100,0,-1,588.57,0,10,76.25,117.714
11,Kolkata,583.74,2100,0,-1,577.97,0,22.56263,88.36304,115.594
11,Madhya Pradesh,461.31,2100,0,-1,456.75,0,23.3,80,91.35
11,Maharashtra,1520.05,2100,0,-1,1505,0,20,76,301
11,Mumbai,3245,2100,0,-1,0,0,19.07283,72.88261,0
11,North East,55.9,2100,0,-1,55.35,0,29,95,11.07
11,Odisha,182.06,2100,0,-1,180.26,0,26,94.2,36.052
11,Rajasthan,706.11,2100,0,-1,699.12,0,27,74,139.824
11,Tamil Nadu,1737.2,2100,0,-1,1720,0,11,78,344
11,Uttar Pradesh E,456.01,2100,0,-1,451.5,0,26,82,90.3
11,Uttar Pradesh W,530.6,2100,0,-1,525.35,0,28,80,105.07
12,Andhra Pradesh,1375,2100,0,-1,0,0,16,80,0
12,Assam,195.11,2100,0,-1,193.18,0,26.2006043,92.9375739,38.636
12,Delhi,3315,2100,0,-1,0,0,28.38,77.12,0
12,Gujarat,1302.9,2100,0,-1,1290,0,23,72,258
12,Haryana,232.3,2100,0,-1,230,0,29.3,76,46
12,Karnataka,1658.78,2100,0,-1,1642.36,0,15,75,328.472
12,Kerala,594.45,2100,0,-1,588.57,0,10,76.25,117.714
12,Kolkata,583.74,2100,0,-1,577.97,0,22.56263,88.36304,115.594
12,Madhya Pradesh,461.31,2100,0,-1,456.75,0,23.3,80,91.35
12,Maharashtra,1520.05,2100,0,-1,1505,0,20,76,301
12,Mumbai,3245,2100,0,-1,0,0,19.07283,72.88261,0
12,North East,55.9,2100,0,-1,55.35,0,29,95,11.07
12,Odisha,182.06,2100,0,-1,180.26,0,26,94.2,36.052
12,Rajasthan,706.11,2100,0,-1,699.12,0,27,74,139.824
12,Tamil Nadu,1737.2,2100,0,-1,1720,0,11,78,344
12,Uttar Pradesh E,456.01,2100,0,-1,451.5,0,26,82,90.3
12,Uttar Pradesh W,530.6,2100,0,-1,525.35,0,28,80,105.07
13,Andhra Pradesh,1375,2100,0,-1,0,0,16,80,0
13,Assam,195.11,2100,0,-1,193.18,0,26.2006043,92.9375739,38.636
13,Delhi,3315,2100,0,-1,0,0,28.38,77.12,0
13,Gujarat,1302.9,2100,0,-1,1290,0,23,72,258
13,Haryana,232.3,2100,0,-1,230,0,29.3,76,46
13,Karnataka,1658.78,2100,0,-1,1642.36,0,15,75,328.472
13,Kerala,594.45,2100,0,-1,588.57,0,10,76.25,117.714
13,Kolkata,583.74,2100,0,-1,577.97,0,22.56263,88.36304,115.594
13,Madhya Pradesh,461.31,2100,0,-1,456.75,0,23.3,80,91.35
13,Maharashtra,1520.05,2100,0,-1,1505,0,20,76,301
13,Mumbai,3245,2100,0,-1,0,0,19.07283,72.88261,0
13,North East,55.9,2100,0,-1,55.35,0,29,95,11.07
13,Odisha,182.06,2100,0,-1,180.26,0,26,94.2,36.052
13,Rajasthan,706.11,2100,0,-1,699.12,0,27,74,139.824
13,Tamil Nadu,1737.2,2100,0,-1,1720,0,11,78,344
13,Uttar Pradesh E,456.01,2100,0,-1,451.5,0,26,82,90.3
13,Uttar Pradesh W,530.6,2100,0,-1,525.35,0,28,80,105.07
14,Andhra Pradesh,1375,2100,0,-1,0,0,16,80,0
14,Assam,195.11,2100,0,-1,193.18,0,26.2006043,92.9375739,38.636
14,Delhi,3315,2100,0,-1,0,0,28.38,77.12,0
14,Gujarat,1302.9,2100,0,-1,1290,0,23,72,258
14,Haryana,232.3,2100,0,-1,230,0,29.3,76,46
14,Karnataka,1658.78,2100,0,-1,1642.36,0,15,75,328.472
14,Kerala,594.45,2100,0,-1,588.57,0,10,76.25,117.714
14,Kolkata,583.74,2100,0,-1,577.97,0,22.56263,88.36304,115.594
14,Madhya Pradesh,461.31,2100,0,-1,456.75,0,23.3,80,91.35
14,Maharashtra,1520.05,2100,0,-1,1505,0,20,76,301
14,Mumbai,3245,2100,0,-1,0,0,19.07283,72.88261,0
14,North East,55.9,2100,0,-1,55.35,0,29,95,11.07
14,Odisha,182.06,2100,0,-1,180.26,0,26,94.2,36.052
14,Rajasthan,706.11,2100,0,-1,699.12,0,27,74,139.824
14,Tamil Nadu,1737.2,2100,0,-1,1720,0,11,78,344
14,Uttar Pradesh E,456.01,2100,0,-1,451.5,0,26,82,90.3
14,Uttar Pradesh W,530.6,2100,0,-1,525.35,0,28,80,105.07
15,Andhra Pradesh,1375,2100,0,-1,0,0,16,80,0
15,Assam,195.11,2100,0,-1,193.18,0,26.2006043,92.9375739,38.636
15,Delhi,3315,2100,0,-1,0,0,28.38,77.12,0
15,Gujarat,1302.9,2100,0,-1,1290,0,23,72,258
15,Haryana,232.3,2100,0,-1,230,0,29.3,76,46
15,Karnataka,1658.78,2100,0,-1,1642.36,0,15,75,328.472
15,Kerala,594.45,2100,0,-1,588.57,0,10,76.25,117.714
15,Kolkata,583.74,2100,0,-1,577.97,0,22.56263,88.36304,115.594
15,Madhya Pradesh,461.31,2100,0,-1,456.75,0,23.3,80,91.35
15,Maharashtra,1520.05,2100,0,-1,1505,0,20,76,301
15,Mumbai,3245,2100,0,-1,0,0,19.07283,72.88261,0
15,North East,55.9,2100,0,-1,55.35,0,29,95,11.07
15,Odisha,182.06,2100,0,-1,180.26,0,26,94.2,36.052
15,Rajasthan,706.11,2100,0,-1,699.12,0,27,74,139.824
15,Tamil Nadu,1737.2,2100,0,-1,1720,0,11,78,344
15,Uttar Pradesh E,456.01,2100,0,-1,451.5,0,26,82,90.3
15,Uttar Pradesh W,530.6,2100,0,-1,525.35,0,28,80,105.07
16,Andhra Pradesh,1375,2100,0,-1,0,0,16,80,0
16,Assam,195.11,2100,0,-1,193.18,0,26.2006043,92.9375739,38.636
16,Delhi,3315,2100,0,-1,0,0,28.38,77.12,0
16,Gujarat,1302.9,2100,0,-1,1290,0,23,72,258
16,Haryana,232.3,2100,0,-1,230,0,29.3,76,46
16,Karnataka,1658.78,2100,0,-1,1642.36,0,15,75,328.472
16,Kerala,594.45,2100,0,-1,588.57,0,10,76.25,117.714
16,Kolkata,583.74,2100,0,-1,577.97,0,22.56263,88.36304,115.594
16,Madhya Pradesh,461.31,2100,0,-1,456.75,0,23.3,80,91.35
16,Maharashtra,1520.05,2100,0,-1,1505,0,20,76,301
16,Mumbai,3245,2100,0,-1,0,0,19.07283,72.88261,0
16,North East,55.9,2100,0,-1,55.35,0,29,95,11.07
16,Odisha,182.06,2100,0,-1,180.26,0,26,94.2,36.052
16,Rajasthan,706.11,2100,0,-1,699.12,0,27,74,139.824
16,Tamil Nadu,1737.2,2100,0,-1,1720,0,11,78,344
16,Uttar Pradesh E,456.01,2100,0,-1,451.5,0,26,82,90.3
16,Uttar Pradesh W,530.6,2100,0,-1,525.35,0,28,80,105.07
17,Andhra Pradesh,1375,2100,0,-1,0,0,16,80,0
17,Assam,195.11,2100,0,-1,193.18,0,26.2006043,92.9375739,38.636
17,Delhi,3315,2100,0,-1,0,0,28.38,77.12,0
17,Gujarat,1302.9,2100,0,-1,1290,0,23,72,258
17,Haryana,232.3,2100,0,-1,230,0,29.3,76,46
17,Karnataka,1658.78,2100,0,-1,1642.36,0,15,75,328.472
17,Kerala,594.45,2100,0,-1,588.57,0,10,76.25,117.714
17,Kolkata,583.74,2100,0,-1,577.97,0,22.56263,88.36304,115.594
17,Madhya Pradesh,461.31,2100,0,-1,456.75,0,23.3,80,91.35
17,Maharashtra,1520.05,2100,0,-1,1505,0,20,76,301
17,Mumbai,3245,2100,0,-1,0,0,19.07283,72.88261,0
17,North East,55.9,2100,0,-1,55.35,0,29,95,11.07
17,Odisha,182.06,2100,0,-1,180.26,0,26,94.2,36.052
17,Rajasthan,706.11,2100,0,-1,699.12,0,27,74,139.824
17,Tamil Nadu,1737.2,2100,0,-1,1720,0,11,78,344
17,Uttar Pradesh E,456.01,2100,0,-1,451.5,0,26,82,90.3
17,Uttar Pradesh W,530.6,2100,0,-1,525.35,0,28,80,105.07
18,Andhra Pradesh,1375,2100,0,-1,0,0,16,80,0
18,Assam,195.11,2100,0,-1,193.18,0,26.2006043,92.9375739,38.636
18,Delhi,3315,2100,0,-1,0,0,28.38,77.12,0
18,Gujarat,1302.9,2100,0,-1,1290,0,23,72,258
18,Haryana,232.3,2100,0,-1,230,0,29.3,76,46
18,Karnataka,1658.78,2100,0,-1,1642.36,0,15,75,328.472
18,Kerala,594.45,2100,0,-1,588.57,0,10,76.25,117.714
18,Kolkata,583.74,2100,0,-1,577.97,0,22.56263,88.36304,115.594
18,Madhya Pradesh,461.31,2100,0,-1,456.75,0,23.3,80,91.35
18,Maharashtra,1520.05,2100,0,-1,1505,0,20,76,301
18,Mumbai,3245,2100,0,-1,0,0,19.07283,72.88261,0
18,North East,55.9,2100,0,-1,55.35,0,29,95,11.07
18,Odisha,182.06,2100,0,-1,180.26,0,26,94.2,36.052
18,Rajasthan,706.11,2100,0,-1,699.12,0,27,74,139.824
18,Tamil Nadu,1737.2,2100,0,-1,1720,0,11,78,344
18,Uttar Pradesh E,456.01,2100,0,-1,451.5,0,26,82,90.3
18,Uttar Pradesh W,530.6,2100,0,-1,525.35,0,28,80,105.07
19,Andhra Pradesh,1375,2100,0,-1,0,0,16,80,0
19,Assam,195.11,2100,0,-1,193.18,0,26.2006043,92.9375739,38.636
19,Delhi,3315,2100,0,-1,0,0,28.38,77.12,0
19,Gujarat,1302.9,2100,0,-1,1290,0,23,72,258
19,Haryana,232.3,2100,0,-1,230,0,29.3,76,46
19,Karnataka,1658.78,2100,0,-1,1642.36,0,15,75,328.472
19,Kerala,594.45,2100,0,-1,588.57,0,10,76.25,117.714
19,Kolkata,583.74,2100,0,-1,577.97,0,22.56263,88.36304,115.594
19,Madhya Pradesh,461.31,2100,0,-1,456.75,0,23.3,80,91.35
19,Maharashtra,1520.05,2100,0,-1,1505,0,20,76,301
19,Mumbai,3245,2100,0,-1,0,0,19.07283,72.88261,0
19,North East,55.9,2100,0,-1,55.35,0,29,95,11.07
19,Odisha,182.06,2100,0,-1,180.26,0,26,94.2,36.052
19,Rajasthan,706.11,2100,0,-1,699.12,0,27,74,139.824
19,Tamil Nadu,1737.2,2100,0,-1,1720,0,11,78,344
19,Uttar Pradesh E,456.01,2100,0,-1,451.5,0,26,82,90.3
19,Uttar Pradesh W,530.6,2100,0,-1,525.35,0,28,80,105.07
